file,slug,title,author,url,source,age_catalog,age_suggested,age_reason,notes
pilot.json,kolobok-skazka,Колобок,Русская народная сказка,https://nancykhacha.github.io/knigi/kniga/kolobok-skazka/,знаем книгу,2–4 года,,,Автор в каталоге — «Народная сказка»; точнее — «Русская народная сказка».
pilot.json,gruffalo,Груффало,Джулия Дональдсон,https://nancykhacha.github.io/knigi/kniga/gruffalo/,знаем книгу,3–6 лет,,,В карточке 2020 страниц — это год издания. Издательство «Алгоритм» стоит проверить: у русского «Груффало» другой издатель.
pilot.json,kotenok-shmyak,Котёнок Шмяк,Роб Скоттон,https://nancykhacha.github.io/knigi/kniga/kotenok-shmyak/,знаем книгу,4–7 лет,,,Сверить с изданием Clever: это действительно первая книга серии (Splat the Cat)? В карточке нет аннотации издательства.
pilot.json,gadkiy-utenok,Гадкий утёнок,Ханс Кристиан Андерсен,https://nancykhacha.github.io/knigi/kniga/gadkiy-utenok/,знаем книгу,5–9 лет,,,"Темы в каталоге («животные, природа, семья») стоит дополнить: «травля», «принятие себя»."
pilot.json,krasnaya-shapochka,Красная Шапочка,Шарль Перро,https://nancykhacha.github.io/knigi/kniga/krasnaya-shapochka/,знаем книгу,5–8 лет,,,"Темы в каталоге («природа, приключения, семья») стоит дополнить: «безопасность»."
pilot.json,vinni-puh,Винни-Пух,Алан Александр Милн,https://nancykhacha.github.io/knigi/kniga/vinni-puh/,знаем книгу,5–10 лет,,,Уточнить перевод в издании АСТ и указать его в карточке.
pilot.json,ezhik-v-tumane,Ёжик в тумане,Сергей Козлов,https://nancykhacha.github.io/knigi/kniga/ezhik-v-tumane/,знаем книгу,6–11 лет,4–9 лет,"Сказки Козлова короткие и тихие, их с удовольствием слушают уже 4–5-летние.",Описание в каталоге («Иллюстрированный сборник историй о животных») слишком общее.
pilot.json,deniskiny-rasskazy,Денискины рассказы,Виктор Драгунский,https://nancykhacha.github.io/knigi/kniga/deniskiny-rasskazy/,знаем книгу,6–10 лет,,,В каталоге две карточки «Денискиных рассказов» (Азбука-Аттикус и МИФ) — объединить или различить по изданию.
pilot.json,volshebnik-izumrudnogo-goroda,Волшебник Изумрудного города,Александр Волков,https://nancykhacha.github.io/knigi/kniga/volshebnik-izumrudnogo-goroda/,знаем книгу,6–11 лет,,,В каталоге три карточки этой книги (разные издания) — объединить или различить.
pilot.json,meri-poppins,Мэри Поппинс,Памела Трэверс,https://nancykhacha.github.io/knigi/kniga/meri-poppins/,знаем книгу,7–11 лет,,,Уточнить перевод в издании МИФ.
pilot.json,garri-potter-i-filosofskiy-kamen,Гарри Поттер и философский камень,Джоан Роулинг,https://nancykhacha.github.io/knigi/kniga/garri-potter-i-filosofskiy-kamen/,знаем книгу,9–13 лет,,,Автор в каталоге — «Дж. К. Роулинг»; привести к единому формату («Джоан Роулинг»). | Уточнить перевод в этом издании (у «Махаона» — Мария Спивак).
pilot.json,starik-hottabych,Старик Хоттабыч,Лазарь Лагин,https://nancykhacha.github.io/knigi/kniga/starik-hottabych/,знаем книгу,8–12 лет,,,В каталоге две карточки «Старика Хоттабыча» — объединить или различить по изданию.
pilot.json,knizhnyy-vor,Книжный вор,Маркус Зусак,https://nancykhacha.github.io/knigi/kniga/knizhnyy-vor/,знаем книгу,13–17 лет,,,"Темы в каталоге («семья, история, искусство») стоит дополнить: «война», «Холокост», «смерть». Издательство не указано."
pilot.json,malenkiy-prints-sent-ekzyuperi,Маленький принц,Антуан де Сент-Экзюпери,https://nancykhacha.github.io/knigi/kniga/malenkiy-prints-sent-ekzyuperi/,знаем книгу,9–16 лет,,,"В каталоге три карточки «Маленького принца»: в одной автором записан переводчик (Нора Галь), в другой — Клаудиа Бордин. Сделать эту карточку главной."
pilot.json,dom-v-kotorom,"Дом, в котором…",Мариам Петросян,https://nancykhacha.github.io/knigi/kniga/dom-v-kotorom/,знаем книгу,15–17 лет,,,Издательство не указано (Livebook).
pilot.json,devyatnadtsat-minut,Девятнадцать минут,Джоди Пиколт,https://nancykhacha.github.io/knigi/kniga/devyatnadtsat-minut/,знаем книгу,12–17 лет,15–17 лет,"Подробно описана стрельба в школе, есть суицидальные мысли и секс.",Ошибка в данных: в карточке стоит описание другой книги — «Бездны Челленджера» Нила Шустермана. Темы указаны неполно (только «отношения»).
pilot.json,milye-kosti,Милые кости,Элис Сиболд,https://nancykhacha.github.io/knigi/kniga/milye-kosti/,знаем книгу,12–17 лет,16–17 лет,В начале романа от первого лица описаны изнасилование и убийство девочки.,"Темы в каталоге («семья, животные») неверные: нужны «смерть», «горе», «семья», «насилие». Чувствительные темы не отмечены."
pilot.json,kradenyy-gorod,Краденый город,Юлия Яковлева,https://nancykhacha.github.io/knigi/kniga/kradenyy-gorod/,знаем книгу + аннотация,13–15 лет,12–16 лет,Издательство адресует цикл подросткам с 12 лет; книгу читают и старшие.,"Темы в каталоге («животные», «музыка») стоит убрать; добавить «блокада», «смерть». Проверить, есть ли в каталоге «Дети ворона»."
pilot.json,priklyucheniya-dinozavrika-dina-dinozavrik-din-ne-hochet-spat,Приключения динозаврика Дина. Динозаврик Дин не хочет спать!,Тьерри Бедуэ,https://nancykhacha.github.io/knigi/kniga/priklyucheniya-dinozavrika-dina-dinozavrik-din-ne-hochet-spat/,только аннотация,2–4 года,,,Текст написан только по аннотации издательства — перед публикацией пролистать книгу. Темы в каталоге («искусство») стоит убрать. Автора проверить: в аннотации не указан.
pilot.json,detskiy-etiket-v-skazkah-pro-volshebnye-slova,Детский этикет в сказках. Про волшебные слова,Елена Ульева,https://nancykhacha.github.io/knigi/kniga/detskiy-etiket-v-skazkah-pro-volshebnye-slova/,только аннотация,2–4 года,,,"Текст написан по аннотации издательства — перед публикацией пролистать книгу. В каталоге три карточки серии с похожими названиями — проверить дубли. Темы в каталоге («школа», «искусство») стоит убрать."
batch-005.json,kak-menya-spasali,Как меня спасали,Юрий Сотник,https://nancykhacha.github.io/knigi/kniga/kak-menya-spasali/,только аннотация,6–11 лет,,,"Текст по аннотации — сверить с книгой. | Аннотация («Рассказы от лица мальчика») почти пустая — нужна аннотация издания и состав сборника. | Жанр стоит дополнить «юмором», тема «отношения» слишком общая. Сотник — советская классика, а в каталоге стоит «modern»."
batch-005.json,karandash-i-samodelkin-na-ostrove-neobychaynyh-priklyuheniy,Карандаш и Самоделкин на острове необычайных приклюхений,Валентин Постников,https://nancykhacha.github.io/knigi/kniga/karandash-i-samodelkin-na-ostrove-neobychaynyh-priklyuheniy/,только аннотация,6–11 лет,,,Текст по аннотации — сверить с книгой. | Опечатка в названии: «приклюхений» вместо «приключений» (в seoTitle название дано без опечатки). Проверить точное название книги: аннотация выглядит общей. | Жанр «реалистическая проза» неверен — это сказочная повесть.
batch-005.json,starye-i-novye-istorii-o-prostokvashino,Старые и новые истории о Простоквашино,Эдуард Успенский,https://nancykhacha.github.io/knigi/kniga/starye-i-novye-istorii-o-prostokvashino/,знаем книгу + аннотация,6–11 лет,,,"Состав сборника не указан — уточнить, какие повести вошли в издание. | В каталоге есть «Дядя Фёдор, пёс и кот», «Трое из Простоквашино» и «Тётя дяди Фёдора» — проверить пересечения изданий. | Жанр «реалистическая проза» неверен — это сказочные повести."
batch-005.json,vse-istorii-pro-popugaya-keshu,Все истории про попугая Кешу,Александр Курляндский,https://nancykhacha.github.io/knigi/kniga/vse-istorii-pro-popugaya-keshu/,только аннотация,6–11 лет,,,"Текст по аннотации — сверить с книгой. | Аннотация («Приключения попугая по имени Кеша») слишком общая. | Проверить объём: 608 страниц для этого сборника выглядит странно. | В каталоге есть «Возвращение блудного попугая и другие истории» того же автора — проверить, не дубль ли это. | Жанр «реалистическая проза» неверен — это сказочные истории."
batch-005.json,zagadka-pochtovogo-golubya,Загадка почтового голубя,Антон Иванов,https://nancykhacha.github.io/knigi/kniga/zagadka-pochtovogo-golubya/,только аннотация,7–12 лет,9–12 лет,Подростковые детективы Антона Иванова и Анны Устиновой в каталоге стоят на 10–12 лет; для семилетнего это длинное самостоятельное чтение.,"Текст по аннотации — сверить с книгой. | Проверить авторство: книги о компании с Большой Спасской Антон Иванов, похоже, писал вместе с Анной Устиновой (в каталоге у них общие «Тайна зелёного БМВ» и «Тайна княжеской усадьбы»). | Возраст «7–12 лет», похоже, стоит по умолчанию."
batch-005.json,moshennik-na-pole-chudes,Мошенник на поле чудес,Владимир Сотников,https://nancykhacha.github.io/knigi/kniga/moshennik-na-pole-chudes/,только аннотация,7–12 лет,,,"Текст по аннотации — сверить с книгой. | Возраст «7–12 лет», похоже, стоит по умолчанию — проверить по изданию."
batch-005.json,rastrepannyy-vorobey,Растрёпанный воробей,Константин Паустовский,https://nancykhacha.github.io/knigi/kniga/rastrepannyy-vorobey/,знаем книгу + аннотация,6–11 лет,,,Состав сборника не указан — уточнить по изданию. | Паустовский — классика; в каталоге стоит «modern».
batch-005.json,ya-na-solnyshke-lezhu,я на солнышке лежу,Сергей Козлов,https://nancykhacha.github.io/knigi/kniga/ya-na-solnyshke-lezhu/,знаем книгу + аннотация,6–11 лет,4–8 лет,Короткие тихие сказки Козлова с удовольствием слушают уже дошкольники; так же предложено в карточке «Ёжика в тумане».,Название начинается со строчной буквы — исправить на «Я на солнышке лежу». | Жанр «поэзия» неверен — это сказки в прозе. | В каталоге есть «Как Львёнок и Черепаха пели песню» и другие сборники Козлова — проверить пересечения.
batch-005.json,ochen-strashnaya-istoriya,Очень страшная история,Даниил Хармс,https://nancykhacha.github.io/knigi/kniga/ochen-strashnaya-istoriya/,знаем книгу + аннотация,6–12 лет,4–9 лет,"Короткие смешные стихи Хармса понятны уже дошкольникам; к 12 годам их скорее перечитывают ради удовольствия, чем открывают.",Издательство записано сбитой транслитерацией («Sovʺi͡a︡zh Bevo») — должно быть «Совъяж Бево». | Состав сборника не указан — уточнить по изданию. В каталоге есть ещё два сборника Хармса — проверить пересечения. | Тема «взросление» не подходит.
batch-005.json,pro-veru-i-anfisu,Про Веру и Анфису,Эдуард Успенский,https://nancykhacha.github.io/knigi/kniga/pro-veru-i-anfisu/,знаем книгу + аннотация,6–11 лет,4–7 лет,Короткие истории о детском саде и домашних делах рассчитаны на дошкольников; к 9–11 годам ребёнок из этой книжки вырастет.,"В каталоге есть «Истории про Веру и Анфису» того же автора — вероятно, дубль или другое издание той же книги. | Жанр «реалистическая проза» неверен — это сказочные истории."
batch-005.json,my-vstrechaem-novyi-god,Мы встречаем Новый год!,Илья Савченко,https://nancykhacha.github.io/knigi/kniga/my-vstrechaem-novyi-god/,только аннотация,6–11 лет,3–7 лет,"Новогодние стишки и песенки об ёлке и Деде Морозе — чтение для дошкольников; «6–11 лет», похоже, стоит по умолчанию.","Текст по аннотации — сверить с книгой. | Проверить автора: похоже на сборник разных авторов, Илья Савченко может быть составителем или иллюстратором. В каталоге есть также «Иля Савченков» — проверить написание. | Тема «отношения» не подходит, лучше «праздники»."
batch-005.json,russkie-deti,Русские дети,Павел Крусанов; Александр Етоев,https://nancykhacha.github.io/knigi/kniga/russkie-deti/,только аннотация,6–12 лет,14–17 лет,Это антология взрослой прозы о детстве: темы и интонация рассказов рассчитаны не на младших школьников.,"Текст по аннотации — сверить с книгой. | В поле автора — составители антологии, а не авторы рассказов. | Это сборник для взрослых о детстве — проверить, место ли ему в детском каталоге; возраст «6–12 лет» точно не подходит."
batch-005.json,sorochinskaya-yarmarka,Сорочинская ярмарка,Николай Гоголь,https://nancykhacha.github.io/knigi/kniga/sorochinskaya-yarmarka/,знаем книгу,7–12 лет,10–14 лет,"Старинный язык, много украинских слов и взрослый комизм — младшим школьникам повесть будет трудна.","Гоголь — классика; в каталоге стоит «modern». | Название серии обрезано («отечественной иллюстрации») — уточнить. | Жанр «реалистическая проза» неверен — это комическая повесть с фантастикой из «Вечеров на хуторе близ Диканьки». | В аннотации Грицько назван женихом, который приезжает вместе с семьёй, — это неточно: с Параской он знакомится на ярмарке."
batch-005.json,tri-povesti-o-vase-kurolesove,Три повести о Васе Куролесове,Юрий Коваль,https://nancykhacha.github.io/knigi/kniga/tri-povesti-o-vase-kurolesove/,знаем книгу,6–11 лет,,,Издательство записано транслитом («Izdatelʹskiĭ proekt A i B») — должно быть «Издательский проект „А и Б“». | В каталоге есть «Приключения Васи Куролесова» — первая из трёх повестей; проверить пересечение. | В аннотации Вася сразу назван милиционером — в первой повести он ещё деревенский парень. | Жанр «реалистическая проза» стоит заменить на «детектив» и «юмор».
batch-005.json,azbuka-dlya-buki,Азбука для Буки,Андрей Усачёв,https://nancykhacha.github.io/knigi/kniga/azbuka-dlya-buki/,только аннотация,6–11 лет,4–7 лет,"Азбука в стихах нужна дошкольнику, который знакомится с буквами; для 9–11 лет она слишком проста.","Текст по аннотации — сверить с книгой. | Жанр «реалистическая проза» неверен — это азбука в стихах. | Возраст «6–11 лет», похоже, стоит по умолчанию."
batch-005.json,otpusk-krokodila-geny,Отпуск крокодила Гены,Эдуард Успенский,https://nancykhacha.github.io/knigi/kniga/otpusk-krokodila-geny/,только аннотация,6–11 лет,,,"Текст по аннотации — сверить с книгой. | Жанр «реалистическая проза» неверен — это сказочная повесть. | Возраст «6–11 лет», похоже, стоит по умолчанию; у «Крокодила Гены и его друзей» в каталоге 5–9 лет."
batch-005.json,istoriya-pro-porosenka,История про поросёнка,Геннадий Цыферов,https://nancykhacha.github.io/knigi/kniga/istoriya-pro-porosenka/,только аннотация,6–11 лет,3–6 лет,"Цыферов писал короткие сказки для дошкольников, книга вышла в «Малыше»; для 9–11 лет это слишком просто.","Текст по аннотации — сверить с книгой. | Жанр «реалистическая проза» неверен — это сказка. | Возраст «6–11 лет», похоже, стоит по умолчанию."
batch-005.json,syschik-v-odnom-bashmake,Сыщик в одном башмаке,Софья Прокофьева,https://nancykhacha.github.io/knigi/kniga/syschik-v-odnom-bashmake/,только аннотация,6–11 лет,,,Текст по аннотации — сверить с книгой. | Аннотация похожа на пересказ названия — нужна аннотация издания; проверить авторство. | Жанр «реалистическая проза» сомнителен — по аннотации это сказочный детектив.
batch-005.json,kak-masha-possorilas-s-podushkoy,Как Маша поссорилась с подушкой,Галина Лебедева,https://nancykhacha.github.io/knigi/kniga/kak-masha-possorilas-s-podushkoy/,только аннотация,7–12 лет,3–6 лет,"Короткая история о засыпании рассчитана на дошкольников; «7–12 лет», похоже, стоит по умолчанию.",Текст по аннотации — сверить с книгой. | Жанр «реалистическая проза» неверен — это сказка для малышей.
batch-005.json,rasskazy-dlya-detey,Рассказы для детей,Борис Житков,https://nancykhacha.github.io/knigi/kniga/rasskazy-dlya-detey/,знаем книгу + аннотация,6–11 лет,,,Состав сборника не указан — уточнить по изданию. | Житков — классика; в каталоге стоит «modern». | В каталоге есть ещё несколько сборников Житкова — проверить пересечения.
batch-005.json,obschee-sobranie-geroev-povestey-rasskazov-stihotvoreniy-i-pes,"Общее собрание героев повестей, рассказов, стихотворений и пьес",Эдуард Успенский,https://nancykhacha.github.io/knigi/kniga/obschee-sobranie-geroev-povestey-rasskazov-stihotvoreniy-i-pes/,знаем книгу + аннотация,6–11 лет,,,"Slug обрезан («...-i-pes»). | Издательство записано латиницей («Kometa») — вероятно, «Комета». | Тема «животные» не отражает содержание сборника; жанр «реалистическая проза» неверен. | Состав не указан — проверить по оглавлению и сверить с другими сборниками Успенского в каталоге."
batch-005.json,poemy,Поемы,Александр Пушкин,https://nancykhacha.github.io/knigi/kniga/poemy/,знаем книгу + аннотация,7–12 лет,11–16 лет,"Кроме «Руслана и Людмилы», поэмы Пушкина — о ревности, гибели героев и истории; их читают в средней и старшей школе.",Опечатка в названии: «Поемы» вместо «Поэмы» (в seoTitle исправлено). В каталоге та же ошибка у Лермонтова — «Стихи и поемы». | Состав сборника не указан — уточнить по изданию. | Пушкин — классика; в каталоге стоит «modern».
batch-005.json,basni-krylov,Басни,Иван Крылов,https://nancykhacha.github.io/knigi/kniga/basni-krylov/,знаем книгу,6–12 лет,,,"Крылов — классика; в каталоге стоит «modern». | Жанр «сказка» стоит заменить на «басня». | В аннотации падежная ошибка: «басен Иван Андреевич Крылов». | В каталоге есть «Басни» Сергея Михалкова — это другая книга, не дубль."
batch-005.json,hantyyskie-zagadki,Хантыйские загадки,Е. А. Нёмысова,https://nancykhacha.github.io/knigi/kniga/hantyyskie-zagadki/,только аннотация,7–12 лет,5–9 лет,"Короткие загадки о предметах, животных и явлениях природы понятны уже дошкольникам; «7–12 лет», похоже, стоит по умолчанию.","Текст по аннотации — сверить с книгой. | Проверить автора: Е. А. Нёмысова, вероятно, составитель или переводчик народных загадок; в аннотации фамилия просклонена как мужская («загадки Е. А. Нёмысова»). | Издательство записано латиницей («Poligrafist»). | Тема «взросление» не подходит."
batch-005.json,obezyanki-mladshego-vozrasta,Обезьянки младшего возраста,Григорий Остер,https://nancykhacha.github.io/knigi/kniga/obezyanki-mladshego-vozrasta/,только аннотация,6–11 лет,4–7 лет,"Короткие смешные истории о проказах малышей рассчитаны на дошкольников; «6–11 лет», похоже, стоит по умолчанию.",Текст по аннотации — сверить с книгой. | Жанр «реалистическая проза» неверен — это сказочные истории.
batch-005.json,tri-tvoih-imeni,Три твоих имени,Дина Сабитова,https://nancykhacha.github.io/knigi/kniga/tri-tvoih-imeni/,только аннотация,7–12 лет,10–14 лет,"Книга о ребёнке, сменившем несколько семей: тема сиротства и потери дома требует читателя постарше. «7–12 лет», похоже, стоит по умолчанию.","Текст по аннотации — сверить с книгой. | Тема «отношения» слишком общая; по аннотации стоит добавить «приёмная семья», «сиротство»."
batch-005.json,cheburashka-krokodil-gena-shapoklyak-i-vse-vse-vse,"Чебурашка, Крокодил Гена, Шапокляк и все-все-все",Эдуард Успенский,https://nancykhacha.github.io/knigi/kniga/cheburashka-krokodil-gena-shapoklyak-i-vse-vse-vse/,знаем книгу + аннотация,6–11 лет,5–9 лет,Истории о Чебурашке хорошо слушают уже дошкольники; «Крокодил Гена и его друзья» в каталоге стоит на 5–9 лет.,"В каталоге несколько сборников о Чебурашке («Крокодил Гена и его друзья», «Все сказочные истории про Чебурашку», «Сказки про Крокодила Гену, Чебурашку и их друзей») — проверить пересечения. | Жанр «реалистическая проза» неверен — это сказочные повести."
batch-005.json,bolshaya-kniga-stihov-i-rasskazov,Большая книга стихов и рассказов,Андрей Усачёв,https://nancykhacha.github.io/knigi/kniga/bolshaya-kniga-stihov-i-rasskazov/,только аннотация,6–11 лет,,,Текст по аннотации — сверить с книгой. | Состав сборника не указан — проверить пересечения с другими книгами Усачёва в каталоге.
batch-005.json,smirennyy-voin,Смиренный воин,Георгий Юдин,https://nancykhacha.github.io/knigi/kniga/smirennyy-voin/,только аннотация,7–12 лет,,,"Текст по аннотации — сверить с книгой. | Это религиозная литература (житие святого), жанр «реалистическая проза» неверен — решить, как подавать книгу в каталоге. | Издательство записано латиницей («Russkiĭ mir») — «Русский мир». | Возраст «7–12 лет», похоже, стоит по умолчанию."
batch-005.json,tsezar-velikolepnyy,Цезарь Великолепный,Алёна Спиридонова,https://nancykhacha.github.io/knigi/kniga/tsezar-velikolepnyy/,только аннотация,7–12 лет,,,"Текст по аннотации — сверить с книгой. | Проверить формат: издательство Bubble выпускает в основном комиксы. | Возраст «7–12 лет», похоже, стоит по умолчанию."
batch-005.json,kogda-moy-papa-stal-kustom,Когда мой папа стал кустом,Йоке ван Леувен,https://nancykhacha.github.io/knigi/kniga/kogda-moy-papa-stal-kustom/,знаем книгу + аннотация,7–9 лет,,,"Темы стоит дополнить: «война», «беженцы», «разлука с родителями»; «животные» не подходит."
batch-005.json,pro-kotov-chaek-ulitok-i-lyudey,"Про котов, чаек, улиток и людей",Луис Сепульведа,https://nancykhacha.github.io/knigi/kniga/pro-kotov-chaek-ulitok-i-lyudey/,знаем книгу + аннотация,7–9 лет,,,"Проверить состав: судя по аннотации и трём переводчикам, это сборник нескольких повестей Сепульведы (о чайке и коте, об улитке, о коте и мыши). | Жанр «фэнтези» и тема «волшебство» не подходят — это сказки-притчи без волшебства, о чём говорит и аннотация."
batch-005.json,shah-i-mat-sredi-zvezd,Шах и мат среди звёзд,Алессандро Барбалья,https://nancykhacha.github.io/knigi/kniga/shah-i-mat-sredi-zvezd/,только аннотация,7–9 лет,10–13 лет,"Герою двенадцать, а в центре сюжета — потеря мамы и молчание взрослых; для семилетних это слишком тяжело.","Текст по аннотации — сверить с книгой. | Жанры «сказка» и «детектив» сомнительны — это повесть о семье и горе; темы стоит дополнить «смерть», «горе»."
batch-005.json,kto-u-nas-takoy-horoshiy,Кто у нас такой хороший?,Екатерина Мурашова; Станислав Востоков; Юлия Говорова; Наталия Волкова; Ирина Лукьянова,https://nancykhacha.github.io/knigi/kniga/kto-u-nas-takoy-horoshiy/,только аннотация,7–9 лет,,,"Текст по аннотации — сверить с книгой. | Жанры «сказка», «фэнтези» и тема «волшебство» неверны: это рассказы писателей о собственных домашних животных."
batch-005.json,nebredskazuemaya-veronika,Небредсказуемая Вероника,Анджела Нанетти,https://nancykhacha.github.io/knigi/kniga/nebredskazuemaya-veronika/,только аннотация,7–9 лет,,,"Текст по аннотации — сверить с книгой. | «Небредсказуемая» в названии — авторская игра слов, не опечатка. | Жанр «сказка» сомнителен — по аннотации это юмористическая повесть о семье."
batch-005.json,zelenyy,Зелёный,Ася Кравченко,https://nancykhacha.github.io/knigi/kniga/zelenyy/,только аннотация,13–15 лет,,,Текст по аннотации — сверить с книгой. | Жанр «сказка» и тема «животные» не подходят — по аннотации это реалистическая повесть о школе и музыке.
batch-005.json,v-ochen-solnechnoy-sisteme-god-s-poetami,В очень Солнечной системе. Год с поэтами,Евгений Клюев; Артур Гиваргизов; Марина Бородицкая; Наталия Волкова; Маша Рупасова; Алексей Зайцев; Герман Лукомников; Мария Дубиковская; Тимофей Петухов; Евгения Гончарова; Юлия Симбирская; Сергей Махотин; Анна Игнатова; Галина Дядина; Елена Мамонтова; Станислав Востоков; Елена Ярышевская; Анастасия Орлова; Марина Номоконова,https://nancykhacha.github.io/knigi/kniga/v-ochen-solnechnoy-sisteme-god-s-poetami/,только аннотация,7–9 лет,,,Текст по аннотации — сверить с книгой. | Это антология девятнадцати поэтов; в поле автора лучше указать «Сборник» или составителя. | Жанры «сказка» и «фэнтези» лишние — это стихи.
batch-005.json,mishka-s-mayaka,Мишка с маяка,Матильда Стейн,https://nancykhacha.github.io/knigi/kniga/mishka-s-mayaka/,только аннотация,7–9 лет,,,Текст по аннотации — сверить с книгой.
batch-005.json,ana-povsyudu,Ана повсюду,Адольфо Кордова,https://nancykhacha.github.io/knigi/kniga/ana-povsyudu/,только аннотация,7–9 лет,,,Текст по аннотации — сверить с книгой. | Жанр «историческая проза» неверен; темы стоит дополнить «первая любовь».
batch-005.json,u-kota-byla-sobaka,У кота была собака,Анастасия Шанская,https://nancykhacha.github.io/knigi/kniga/u-kota-byla-sobaka/,только аннотация,7–9 лет,,,Текст по аннотации — сверить с книгой. | Продолжение «Кота прямо с неба» (в этой же партии) — связать карточки.
batch-005.json,oshibka-v-kode,Ошибка в коде,Татьяна Моркина,https://nancykhacha.github.io/knigi/kniga/oshibka-v-kode/,только аннотация,13–15 лет,,,Текст по аннотации — сверить с книгой. | Тема «животные» не подходит; стоит добавить «болезнь».
batch-005.json,nesuschestvuyuschiy-prichal,Несуществующий причал,Нина Дашевская,https://nancykhacha.github.io/knigi/kniga/nesuschestvuyuschiy-prichal/,только аннотация,13–15 лет,,,Текст по аннотации — сверить с книгой. | Жанр «реалистическая проза» неверен — это антиутопия.
batch-005.json,bombochkoy-ne-prygat,Бомбочкой не прыгать!,Ульрих Хуб,https://nancykhacha.github.io/knigi/kniga/bombochkoy-ne-prygat/,только аннотация,4–6 лет,,,"Текст по аннотации — сверить с книгой. | Продолжение «Слепой курицы, хромой утки» (в этой же партии). Жанр «реалистическая проза» неверен — это сказочная повесть."
batch-005.json,lyubov-v-strane-uayledu-sezon-1,Любовь в стране Уайледу. Сезон 1,Светлана Лаврова,https://nancykhacha.github.io/knigi/kniga/lyubov-v-strane-uayledu-sezon-1/,только аннотация,13–15 лет,,,"Текст по аннотации — сверить с книгой. | Темы «динозавры» и «животные» попали из биографии автора в аннотации — убрать; добавить «первая любовь», «дружба». Жанр «сказка» сомнителен."
batch-005.json,podvodnyy-svet,Подводный свет,Борис Пономарев,https://nancykhacha.github.io/knigi/kniga/podvodnyy-svet/,только аннотация,13–15 лет,,,Текст по аннотации — сверить с книгой. | Жанр «реалистическая проза» неверен — это мистические повести; тема «животные» не подходит.
batch-005.json,gde-voditsya-podrostikus,Где водится подростикус?,Алиса Вербиж,https://nancykhacha.github.io/knigi/kniga/gde-voditsya-podrostikus/,только аннотация,7–9 лет,,,Текст по аннотации — сверить с книгой.
batch-005.json,ostrov-na-ptichey-ulitse,Остров на Птичьей улице,Ури Орлев,https://nancykhacha.github.io/knigi/kniga/ostrov-na-ptichey-ulitse/,знаем книгу + аннотация,13–15 лет,11–15 лет,"Герою одиннадцать, книга написана для младших подростков и обходится без натурализма — её можно читать раньше 13 лет.","Жанр «детектив» неверен — это военная проза и робинзонада. Темы «школа», «природа» не подходят; добавить «Холокост», «одиночество»."
batch-005.json,po-sledam-chernoy-maski,По следам чёрной маски,Александра Лахтинен,https://nancykhacha.github.io/knigi/kniga/po-sledam-chernoy-maski/,только аннотация,7–9 лет,,,Текст по аннотации — сверить с книгой. | Вторая книга серии «В стране Бореалис» после «Хвоста Авроры» (в этой же партии). Жанр «реалистическая проза» неверен — это сказочная повесть.
batch-005.json,alma-svoboda,Альма. Свобода,Тимоте де Фомбель,https://nancykhacha.github.io/knigi/kniga/alma-svoboda/,только аннотация,13–15 лет,,,"Текст по аннотации — сверить с книгой. | Третья книга трилогии «Альма» (первые две — в этой же партии). Жанр «реалистическая проза» неточен — это исторический приключенческий роман; темы стоит дополнить «рабство», «история»."
batch-005.json,daleko-ne-zaplyvay,Далеко не заплывай,Григорий Кружков,https://nancykhacha.github.io/knigi/kniga/daleko-ne-zaplyvay/,только аннотация,7–9 лет,,,Текст по аннотации — сверить с книгой. | Темы «школа» и «приключения» сомнительны — это сборник стихов.
batch-005.json,pozhirayuschiy,Пожирающий,Полина Щербак,https://nancykhacha.github.io/knigi/kniga/pozhirayuschiy/,только аннотация,13–15 лет,,,Текст по аннотации — сверить с книгой. | Жанр «реалистическая проза» неточен — это антиутопия о войне; темы стоит дополнить «война».
batch-005.json,odin-prekrasnyy-valenok,Один прекрасный Валенок,Мария Дубиковская,https://nancykhacha.github.io/knigi/kniga/odin-prekrasnyy-valenok/,только аннотация,4–6 лет,,,"Текст по аннотации — сверить с книгой. | Темы «музыка» и «природа» стоит заменить на «юмор», «игра слов»."
batch-005.json,loshadki,Лошадки,Лета Югай,https://nancykhacha.github.io/knigi/kniga/loshadki/,только аннотация,2–3 года,,,Текст по аннотации — сверить с книгой. | Тема «история» для книжки-картонки сомнительна.
batch-005.json,zver-iz-temnoty,Зверь из темноты,Ури Орлев,https://nancykhacha.github.io/knigi/kniga/zver-iz-temnoty/,только аннотация,7–9 лет,,,Текст по аннотации — сверить с книгой. | Жанр «реалистическая проза» неточен — это повесть-притча со сказочным героем.
batch-005.json,kak-kuritsa-lapoy,Как курица лапой,Энн Файн,https://nancykhacha.github.io/knigi/kniga/kak-kuritsa-lapoy/,только аннотация,7–9 лет,,,Текст по аннотации — сверить с книгой. | Жанр и тема «детектив» неверны — это школьная юмористическая повесть; тема «животные» не подходит.
batch-005.json,vidimo-nevidimo,Видимо-невидимо,Татьяна Комиссарова; Дмитрий Комиссаров,https://nancykhacha.github.io/knigi/kniga/vidimo-nevidimo/,только аннотация,7–9 лет,,,Текст по аннотации — сверить с книгой. | Жанр «сказка» неверен — это документальная книга (нон-фикшн).
batch-005.json,kuda-podevalis-volshebniki,Куда подевались волшебники?,Ася Кравченко,https://nancykhacha.github.io/knigi/kniga/kuda-podevalis-volshebniki/,только аннотация,7–9 лет,,,Текст по аннотации — сверить с книгой. | Тема «школа» сомнительна.
batch-005.json,gollandskiy-bez-problem,Голландский без проблем,Мари-Од Мюрай,https://nancykhacha.github.io/knigi/kniga/gollandskiy-bez-problem/,только аннотация,7–9 лет,,,Текст по аннотации — сверить с книгой. | Жанр «сказка» сомнителен — по аннотации это юмористические рассказы.
batch-005.json,neobhodimaya-sobaka,Необходимая собака,Артур Гиваргизов,https://nancykhacha.github.io/knigi/kniga/neobhodimaya-sobaka/,только аннотация,7–9 лет,,,Текст по аннотации — сверить с книгой. | Жанр «сказка» лишний — это стихи.
batch-005.json,kot-pryamo-s-neba,Кот прямо с неба,Анастасия Шанская,https://nancykhacha.github.io/knigi/kniga/kot-pryamo-s-neba/,только аннотация,7–9 лет,,,Текст по аннотации — сверить с книгой. | У книги есть продолжение «У кота была собака» (в этой же партии) — связать карточки.
batch-005.json,nenastoyaschie-priklyucheniya-florentina-flauersa-chestnogo-pirata-na,"Ненастоящие приключения Флорентина Флауэрса, честного пирата на службе Мадам Л.",Марек Томан,https://nancykhacha.github.io/knigi/kniga/nenastoyaschie-priklyucheniya-florentina-flauersa-chestnogo-pirata-na/,только аннотация,13–15 лет,,,Текст по аннотации — сверить с книгой. | Slug обрезан («...-pirata-na»). | Темы «семья» и «животные» сомнительны.
batch-005.json,nikogda,Никогда,Арройо Карола Мартинес,https://nancykhacha.github.io/knigi/kniga/nikogda/,только аннотация,13–15 лет,,,"Текст по аннотации — сверить с книгой. | Имя автора записано в неверном порядке: «Арройо Карола Мартинес» — правильно «Карола Мартинес Арройо» (в seoTitle дано верно). | Темы «развод родителей», «буллинг», «первая любовь» взяты из аннотации, где сказано, что этого с героиней как раз не было, — проверить и убрать."
batch-005.json,hvost-avrory,Хвост Авроры,Александра Лахтинен,https://nancykhacha.github.io/knigi/kniga/hvost-avrory/,только аннотация,7–9 лет,,,Текст по аннотации — сверить с книгой. | Первая книга серии «В стране Бореалис»; продолжение «По следам чёрной маски» — в этой же партии.
batch-005.json,podsnezhniki-i-vonyuchie-krysy,Подснежники и вонючие крысы,Оскар Крун,https://nancykhacha.github.io/knigi/kniga/podsnezhniki-i-vonyuchie-krysy/,только аннотация,13–15 лет,,,Текст по аннотации — сверить с книгой. | В поле переводчика ошибка: «Мария со шведского Николаева» — должно быть «Мария Николаева» (перевод со шведского). | Жанр «научная фантастика» сомнителен — по аннотации это реалистическая повесть; темы стоит дополнить «травля».
batch-005.json,zolotye-vesla,Золотые вёсла,Мария Папаянни,https://nancykhacha.github.io/knigi/kniga/zolotye-vesla/,только аннотация,13–15 лет,,,Текст по аннотации — сверить с книгой. | Возраст «13–15 лет» стоит проверить по изданию: по аннотации книга может подойти и детям помладше.
batch-005.json,devya-yama,Девья яма,Ирина Богатырёва,https://nancykhacha.github.io/knigi/kniga/devya-yama/,только аннотация,13–15 лет,,,Текст по аннотации — сверить с книгой. | Тема «животные» не подходит.
batch-005.json,moy-brat-arbuz,Мой брат — арбуз,Лорен Ривлег,https://nancykhacha.github.io/knigi/kniga/moy-brat-arbuz/,только аннотация,7–9 лет,,,"Текст по аннотации — сверить с книгой; уточнить, что происходит с будущим братом, и при необходимости дополнить «Что важно знать родителям». | Жанр «сказка» сомнителен — по аннотации это реалистическая повесть."
batch-005.json,bolnitsa-dlya-dinozavrov-mezozoyskie-istorii,Больница для динозавров: мезозойские истории,Светлана Лаврова,https://nancykhacha.github.io/knigi/kniga/bolnitsa-dlya-dinozavrov-mezozoyskie-istorii/,только аннотация,10–12 лет,,,Текст по аннотации — сверить с книгой. | Жанр «реалистическая проза» неверен — это юмористическая сказочная повесть.
batch-005.json,lesnoy-kvest,Лесной квест,Бьёрн Рёрвик,https://nancykhacha.github.io/knigi/kniga/lesnoy-kvest/,только аннотация,7–9 лет,4–8 лет,Другие книги о Лисе и Поросёнке в каталоге стоят на 4–6 и 4–8 лет; тонкая книжка с картинками подходит дошкольникам и первоклассникам.,Текст по аннотации — сверить с книгой. | Возраст выбивается из серии: другие книги о Лисе и Поросёнке в каталоге — 4–6 и 4–8 лет.
batch-005.json,alma-neotrazimaya,Альма. Неотразимая,Тимоте де Фомбель,https://nancykhacha.github.io/knigi/kniga/alma-neotrazimaya/,только аннотация,13–15 лет,,,"Текст по аннотации — сверить с книгой. | Вторая книга трилогии «Альма» (все три — в этой же партии). Темы стоит дополнить «рабство», «история»."
batch-005.json,edyat-li-pokoyniki-torty-s-klubnikoy,Едят ли покойники торты с клубникой?,Розмари Айхингер,https://nancykhacha.github.io/knigi/kniga/edyat-li-pokoyniki-torty-s-klubnikoy/,только аннотация,13–15 лет,,,Текст по аннотации — сверить с книгой.
batch-005.json,korolevstvo-kraeugolnogo-kamnya-otvaga-kniga-4,Королевство Краеугольного Камня. Отвага. Книга 4,Паскаль Кивижер,https://nancykhacha.github.io/knigi/kniga/korolevstvo-kraeugolnogo-kamnya-otvaga-kniga-4/,только аннотация,13–15 лет,,,Текст по аннотации — сверить с книгой. | Четвёртая книга цикла; книги 1–3 есть в каталоге — связать карточки. Жанр «детектив» сомнителен.
batch-005.json,koty-na-elke,Коты на ёлке,Наталия Волкова,https://nancykhacha.github.io/knigi/kniga/koty-na-elke/,только аннотация,4–6 лет,,,"Текст по аннотации — сверить с книгой. | Темы «космос», «искусство», «фантастика» стоит заменить на «юмор», «игра слов»."
batch-005.json,insu-pu-ostrov-poteryannyh-detey,Инсу-пу: остров потерянных детей,Мира Лобе,https://nancykhacha.github.io/knigi/kniga/insu-pu-ostrov-poteryannyh-detey/,только аннотация,13–15 лет,,,"Текст по аннотации — сверить с книгой. | Темы стоит дополнить: «выживание», «робинзонада»."
batch-005.json,veter-vernetsya,Ветер вернётся,Нина Дашевская,https://nancykhacha.github.io/knigi/kniga/veter-vernetsya/,только аннотация,13–15 лет,,,Текст по аннотации — сверить с книгой. | Жанр «сказка» неверен — это реалистические рассказы; тема «животные» сомнительна.
batch-005.json,volk,Волк,Саша Станишич,https://nancykhacha.github.io/knigi/kniga/volk/,только аннотация,13–15 лет,,,Текст по аннотации — сверить с книгой.
batch-005.json,shkola-shredingera,Школа Шрёдингера,Авторы сборника рассказов «Школа Шрёдингера»,https://nancykhacha.github.io/knigi/kniga/shkola-shredingera/,только аннотация,13–15 лет,,,Текст по аннотации — сверить с книгой. | В поле автора заглушка («Авторы сборника рассказов «Школа Шрёдингера»») — указать авторов или составителя.
batch-005.json,gipnoz-ivanovich,Гипноз Иванович,Михаил Есеновский,https://nancykhacha.github.io/knigi/kniga/gipnoz-ivanovich/,только аннотация,7–9 лет,8–11 лет,Книга прямо обращается к десятилетнему читателю; для семилетнего шутки и игра со стихотворной техникой могут быть сложноваты.,Текст по аннотации — сверить с книгой. | Жанр «поэзия» стоит проверить: по аннотации это скорее повесть со стихами.
batch-005.json,matilde,Матильде,Арройо Карола Мартинес,https://nancykhacha.github.io/knigi/kniga/matilde/,только аннотация,13–15 лет,,,"Текст по аннотации — сверить с книгой. | Имя автора записано в неверном порядке: правильно «Карола Мартинес Арройо» (в seoTitle дано верно). | Жанр «сказка» и темы «животные», «волшебство» сомнительны — по аннотации это реалистическая повесть."
batch-005.json,moy-drug-pirat,Мой друг Пират,Уле Кристиан Лёйнинг,https://nancykhacha.github.io/knigi/kniga/moy-drug-pirat/,только аннотация,13–15 лет,,,Текст по аннотации — сверить с книгой. | Жанр «сказка» неверен — по аннотации это реалистическая приключенческая повесть.
batch-005.json,vzglyad-krolika,Взгляд кролика,Кэндзиро Хайтани,https://nancykhacha.github.io/knigi/kniga/vzglyad-krolika/,только аннотация,10–12 лет,,,Текст по аннотации — сверить с книгой. | Тема «животные» сомнительна.
batch-005.json,leopard-za-steklom,Леопард за стеклом,Алки Зеи,https://nancykhacha.github.io/knigi/kniga/leopard-za-steklom/,только аннотация,13–15 лет,,,"Текст по аннотации — сверить с книгой. | Жанр «сказка» неверен — это историческая реалистическая проза; темы стоит дополнить «диктатура», «история»."
batch-005.json,ne-revi-ty-esche-zhiv,"Не реви, ты ещё жив",Кирстен Бойе,https://nancykhacha.github.io/knigi/kniga/ne-revi-ty-esche-zhiv/,только аннотация,13–15 лет,,,"Текст по аннотации — сверить с книгой. | Темы стоит дополнить «Холокост», «послевоенное время»."
batch-005.json,devochki-sem-skazok,Девочки. Семь сказок,Аннет Схап,https://nancykhacha.github.io/knigi/kniga/devochki-sem-skazok/,только аннотация,13–15 лет,,,Текст по аннотации — сверить с книгой. | Темы «животные» и «школа» сомнительны.
batch-005.json,alma-veter-krepchaet,Альма. Ветер крепчает,Тимоте де Фомбель,https://nancykhacha.github.io/knigi/kniga/alma-veter-krepchaet/,только аннотация,13–15 лет,,,"Текст по аннотации — сверить с книгой. | Первая книга трилогии «Альма» (вторая и третья — в этой же партии). Темы неполны (только «морские приключения») — добавить «рабство», «история»; жанр «реалистическая проза» — скорее исторический роман."
batch-005.json,seychas-seychas-seychas,Сейчас-сейчас-сейчас,Артур Гиваргизов,https://nancykhacha.github.io/knigi/kniga/seychas-seychas-seychas/,только аннотация,7–9 лет,,,Текст по аннотации — сверить с книгой. | Жанр «фэнтези» и тема «волшебство» лишние — это стихи о повседневной жизни.
batch-005.json,morfir-bern,Морфир Бьёрн,Тома Лавашри,https://nancykhacha.github.io/knigi/kniga/morfir-bern/,только аннотация,13–15 лет,,,Текст по аннотации — сверить с книгой. | Жанр «реалистическая проза» неверен — это фэнтези.
batch-005.json,kak-verevochka-vilas-skazki,Как верёвочка вилась. Сказки,Евгений Клюев,https://nancykhacha.github.io/knigi/kniga/kak-verevochka-vilas-skazki/,только аннотация,7–9 лет,,,"Текст по аннотации — сверить с книгой. | Третий том «Сказок Евгения Клюева»; в каталоге есть «Слон в полном смысле этого слова» — проверить, какой это том, и связать карточки."
batch-005.json,krylatye-sandalii,Крылатые сандалии,Мария Папаянни,https://nancykhacha.github.io/knigi/kniga/krylatye-sandalii/,только аннотация,13–15 лет,,,Текст по аннотации — сверить с книгой. | Жанры «детектив» и «поэзия» сомнительны — по аннотации это сказочная повесть.
batch-005.json,malysh-i-reka,Малыш и река,Анри Боско,https://nancykhacha.github.io/knigi/kniga/malysh-i-reka/,только аннотация,7–9 лет,9–12 лет,Неторопливая лирическая проза с длинными описаниями природы лучше подойдёт детям постарше; для семилетнего это трудное чтение.,Текст по аннотации — сверить с книгой. | Тема «школа» сомнительна.
batch-005.json,slepaya-kuritsa-hromaya-utka,"Слепая курица, хромая утка",Ульрих Хуб,https://nancykhacha.github.io/knigi/kniga/slepaya-kuritsa-hromaya-utka/,только аннотация,4–6 лет,,,Текст по аннотации — сверить с книгой. | Продолжение — «Бомбочкой не прыгать!» (в этой же партии); связать карточки.
batch-005.json,vseproglot,Всёпроглот,Бьёрн Рёрвик,https://nancykhacha.github.io/knigi/kniga/vseproglot/,только аннотация,7–9 лет,4–8 лет,Другие книги о Лисе и Поросёнке в каталоге стоят на 4–6 и 4–8 лет; тонкая книжка с картинками подходит дошкольникам и первоклассникам.,Текст по аннотации — сверить с книгой. | Возраст выбивается из серии: другие книги о Лисе и Поросёнке в каталоге — 4–6 и 4–8 лет.
batch-005.json,pravila-treh,Правила трёх,Марьолейн Хоф,https://nancykhacha.github.io/knigi/kniga/pravila-treh/,только аннотация,13–15 лет,,,Текст по аннотации — сверить с книгой. | Жанр «сказка» неверен — по аннотации это реалистическая повесть. Другая книга Марьолейн Хоф в каталоге стоит на 10–12 лет — проверить возраст.
batch-005.json,lozhechnik,Ложечник,Марьолейн Хоф,https://nancykhacha.github.io/knigi/kniga/lozhechnik/,только аннотация,13–15 лет,,,Текст по аннотации — сверить с книгой. | Другая книга Марьолейн Хоф в каталоге стоит на 10–12 лет — проверить возраст.
batch-005.json,sostoyanie-neveselosti,Состояние невесёлости,Алексей Зайцев,https://nancykhacha.github.io/knigi/kniga/sostoyanie-neveselosti/,только аннотация,2–3 года,6–10 лет,"Каламбуры и игра слов рассчитаны на детей, которые уже уверенно владеют речью; для 2–3 лет это слишком сложно.",Текст по аннотации — сверить с книгой. | Возраст «2–3 года» явно не подходит: это сборник стихов с игрой слов из «Поэтической серии».
batch-005.json,lis-i-zayka-na-ostrove,Лис и Зайка на острове,Хейде Сильвия Ванден,https://nancykhacha.github.io/knigi/kniga/lis-i-zayka-na-ostrove/,только аннотация,7–9 лет,5–8 лет,"Серия «Лис и Зайка: читаю сам» рассчитана на детей, которые только учатся читать; к девяти годам такие тексты обычно уже слишком просты.",Текст по аннотации — сверить с книгой. | Имя автора записано в неверном порядке: «Хейде Сильвия Ванден» — правильно «Сильвия ванден Хейде» (в seoTitle дано верно); так же в других её книгах в каталоге.
batch-005.json,do-vstrechi-lis-i-zayka,"До встречи, Лис и Зайка!",Хейде Сильвия Ванден,https://nancykhacha.github.io/knigi/kniga/do-vstrechi-lis-i-zayka/,только аннотация,7–9 лет,5–8 лет,"Серия «Лис и Зайка: читаю сам» рассчитана на детей, которые только учатся читать; к девяти годам такие тексты обычно уже слишком просты.",Текст по аннотации — сверить с книгой. | Имя автора записано в неверном порядке — правильно «Сильвия ванден Хейде». | В темах только «дружба»; стоит добавить «взросление».
batch-005.json,lis-i-zayka,Лис и Зайка,Хейде Сильвия Ванден,https://nancykhacha.github.io/knigi/kniga/lis-i-zayka/,только аннотация,7–9 лет,5–8 лет,"Книга для детей, которые только учатся читать, и начинается с самых простых слов; к девяти годам это уже слишком легко.",Текст по аннотации — сверить с книгой. | Имя автора записано в неверном порядке — правильно «Сильвия ванден Хейде».
batch-005.json,papa-edet-na-more,Папа едет на море,Валя Филиппенко,https://nancykhacha.github.io/knigi/kniga/papa-edet-na-more/,только аннотация,7–9 лет,,,Текст по аннотации — сверить с книгой.
batch-005.json,radio-popova,Радио Попова,Анья Портин,https://nancykhacha.github.io/knigi/kniga/radio-popova/,только аннотация,7–9 лет,,,"Текст по аннотации — сверить с книгой. | Темы стоит дополнить «одиночество», «заброшенные дети»."
batch-006.json,strashnye-skazki-zhenschiny-v-belom,Страшные сказки Женщины в белом,Крис Пристли,https://nancykhacha.github.io/knigi/kniga/strashnye-skazki-zhenschiny-v-belom/,только аннотация,13–15 лет,,,"Текст по аннотации — сверить с книгой. | Жанр «сказка» условен: это сборник страшных историй о привидениях. Темы «школа», «природа», «путешествия», «приключения» мало что говорят о книге — добавить «страх»."
batch-006.json,pyatnitsa-ili-dikaya-zhizn,"Пятница, или Дикая жизнь",Мишель Турнье,https://nancykhacha.github.io/knigi/kniga/pyatnitsa-ili-dikaya-zhizn/,знаем книгу,10–12 лет,,,"Тема «школа» в каталоге лишняя; подойдут «одиночество», «дружба», «свобода». Жанр «реалистическая проза» условен: это философская повесть, переосмысление «Робинзона Крузо»."
batch-006.json,dvenadtsat-let-sem-mesyatsev-i-odinnadtsat-dney,"Двенадцать лет, семь месяцев и одиннадцать дней",Лоррис Мюрай,https://nancykhacha.github.io/knigi/kniga/dvenadtsat-let-sem-mesyatsev-i-odinnadtsat-dney/,только аннотация,13–15 лет,,,Текст по аннотации — сверить с книгой. | Проверить жанр «детектив»: по аннотации это скорее роман о взрослении и выживании. Тему «отцы и дети» стоит добавить.
batch-006.json,kvartetnye-skazki,Квартетные сказки,Нина Дашевская,https://nancykhacha.github.io/knigi/kniga/kvartetnye-skazki/,только аннотация,7–9 лет,,,"Текст по аннотации — сверить с книгой. | Темы «школа», «животные» и жанр «фэнтези» проверить."
batch-006.json,slon-v-polnom-smysle-etogo-slova-skazki,Слон в полном смысле этого слова. Сказки,Евгений Клюев,https://nancykhacha.github.io/knigi/kniga/slon-v-polnom-smysle-etogo-slova-skazki/,только аннотация,7–9 лет,,,"Текст по аннотации — сверить с книгой. | Темы «школа», «экология», «театр» проверить: по аннотации книга о вещах и чувствах."
batch-006.json,priklyucheniya-karandashika,Приключения Карандашика,Дарья Гриневская,https://nancykhacha.github.io/knigi/kniga/priklyucheniya-karandashika/,только аннотация,4–6 лет,,,"Текст по аннотации — сверить с книгой. | Проверить формат: по аннотации похоже на практикум по рисованию, а не на художественную книгу. Тогда жанр «приключения» и тема «школа» не подходят."
batch-006.json,strashnye-skazki-s-chernogo-korablya,Страшные сказки с Чёрного корабля,Крис Пристли,https://nancykhacha.github.io/knigi/kniga/strashnye-skazki-s-chernogo-korablya/,только аннотация,13–15 лет,,,Текст по аннотации — сверить с книгой. | Жанр «сказка» условен: это сборник страшных историй.
batch-006.json,spisok-nemyslimyh-strahov,Список немыслимых страхов,Крамер Джессика Каспер,https://nancykhacha.github.io/knigi/kniga/spisok-nemyslimyh-strahov/,только аннотация,13–15 лет,,,Текст по аннотации — сверить с книгой. | В поле автора фамилия стоит первой: «Крамер Джессика Каспер» — нужно «Джессика Каспер Крамер» (сверить с обложкой). Тема «животные» под вопросом.
batch-006.json,sviter-na-rozhdestvo,Свитер на Рождество,Бьёрн Рёрвик,https://nancykhacha.github.io/knigi/kniga/sviter-na-rozhdestvo/,только аннотация,4–6 лет,,,Текст по аннотации — сверить с книгой.
batch-006.json,vaflyambala,Вафлямбала,Бьёрн Рёрвик,https://nancykhacha.github.io/knigi/kniga/vaflyambala/,только аннотация,4–6 лет,,,Текст по аннотации — сверить с книгой.
batch-006.json,marta-i-poltora-ubiystva,Марта и полтора убийства,Дарья Варденбург,https://nancykhacha.github.io/knigi/kniga/marta-i-poltora-ubiystva/,только аннотация,13–15 лет,,,Текст по аннотации — сверить с книгой. | Вторая книга о Марте; первая — «Марта с черепами» (marta-s-cherepami) в этой же партии. Связать карточки.
batch-006.json,udivitelnye-priklyucheniya-mauliny-shmitt-chast-1-moe-razrushennoe,Удивительные приключения Маулины Шмитт. Часть 1. Моё разрушенное королевство,Финн-Оле Хайнрих,https://nancykhacha.github.io/knigi/kniga/udivitelnye-priklyucheniya-mauliny-shmitt-chast-1-moe-razrushennoe/,только аннотация,10–12 лет,,,"Текст по аннотации — сверить с книгой. | Первая часть цикла; вторая — udivitelnye-priklyucheniya-mauliny-shmitt-chast-2-v-ozhidanii-chuda в этой же партии. Темы стоит дополнить: «развод родителей», «болезнь близких»."
batch-006.json,korolevstvo-kraeugolnogo-kamnya-pervenitsy-maya-kniga-2,Королевство Краеугольного Камня. Первеницы мая. Книга 2,Паскаль Кивижер,https://nancykhacha.github.io/knigi/kniga/korolevstvo-kraeugolnogo-kamnya-pervenitsy-maya-kniga-2/,только аннотация,13–15 лет,,,"Текст по аннотации — сверить с книгой. | Темы «природа», «искусство» мало что говорят о книге; подойдут «власть», «ксенофобия». Другие тома саги — в этой же партии."
batch-006.json,korolevstvo-kraeugolnogo-kamnya-master-krusheniy-kniga-1,Королевство Краеугольного Камня. Мастер крушений. Книга 1,Паскаль Кивижер,https://nancykhacha.github.io/knigi/kniga/korolevstvo-kraeugolnogo-kamnya-master-krusheniy-kniga-1/,только аннотация,13–15 лет,,,"Текст по аннотации — сверить с книгой. | Первый том саги; второй и третий — в этой же партии. Темы «животные», «искусство» проверить."
batch-006.json,sistemnye-oshibki-d-t,Системные ошибки Д.Т.,Елена Соковенина,https://nancykhacha.github.io/knigi/kniga/sistemnye-oshibki-d-t/,только аннотация,7–9 лет,,,Текст по аннотации — сверить с книгой. | Жанр «сказка» и тему «животные» проверить: по аннотации это реалистичные истории о дружбе.
batch-006.json,kelpurniya-graficheskiy-roman,Кэлпурния. Графический роман,Жаклин Келли; Дафне Коллиньон,https://nancykhacha.github.io/knigi/kniga/kelpurniya-graficheskiy-roman/,знаем книгу + аннотация,7–9 лет,9–12 лет,"Героине 11 лет, в центре — наука и право девочки заниматься тем, что ей интересно, в обществе конца XIX века; роман, по которому сделан комикс, адресован читателям примерно с 10 лет.","В поле автора двое: Жаклин Келли — автор романа, Дафне Коллиньон — художница графической версии. Стоит разделить роли. | Проверить, есть ли в каталоге роман «Эволюция Кэлпурнии Тейт», и связать карточки."
batch-006.json,anni-lamsden-devochka-iz-morya,"Анни Ламсден, девочка из моря",Дэвид Алмонд,https://nancykhacha.github.io/knigi/kniga/anni-lamsden-devochka-iz-morya/,только аннотация,10–12 лет,7–10 лет,"Короткая сказочная история на 64 страницы, которую хорошо читать вслух; для 10–12 лет она, вероятно, слишком простая — сверить с книгой.",Текст по аннотации — сверить с книгой.
batch-006.json,nastoyaschie-bumazhnye-veschi-t-grimsa,Настоящие бумажные вещи Т. Гримса,Юлия Мнижек,https://nancykhacha.github.io/knigi/kniga/nastoyaschie-bumazhnye-veschi-t-grimsa/,только аннотация,10–12 лет,,,Текст по аннотации — сверить с книгой. | Жанр «реалистическая проза» не подходит: по аннотации это сказочная повесть.
batch-006.json,ded-nadzor,Дед-Надзор,Бьёрн Рёрвик,https://nancykhacha.github.io/knigi/kniga/ded-nadzor/,только аннотация,4–6 лет,,,Текст по аннотации — сверить с книгой.
batch-006.json,tsarskaya-doch,Царская дочь,Сельма Норт,https://nancykhacha.github.io/knigi/kniga/tsarskaya-doch/,только аннотация,13–15 лет,,,Текст по аннотации — сверить с книгой. | Жанр «сказка» не подходит: это исторический роман по мотивам библейской притчи.
batch-006.json,robin-i-bog,Робин и Бог,Шурд Кёйпер,https://nancykhacha.github.io/knigi/kniga/robin-i-bog/,только аннотация,4–6 лет,,,"Текст по аннотации — сверить с книгой. | Жанр «сказка» не подходит: это реалистичная повесть о семье. Добавить темы «вера», «Рождество»."
batch-006.json,robin-i-syuze,Робин и Сюзе,Шурд Кёйпер,https://nancykhacha.github.io/knigi/kniga/robin-i-syuze/,только аннотация,4–6 лет,,,"Текст по аннотации — сверить с книгой. | Темы «спорт», «изобретения» проверить; подойдут «рождение ребёнка», «братья и сёстры»."
batch-006.json,paks-doroga-domoy,Пакс. Дорога домой,Сара Пеннипакер,https://nancykhacha.github.io/knigi/kniga/paks-doroga-domoy/,знаем книгу + аннотация,10–12 лет,,,"Проверить, есть ли в каталоге первая книга, «Пакс», и связать карточки."
batch-006.json,voyna-katrin-graficheskiy-roman,Война Катрин. Графический роман,Юлия Бийе; Клер Фовель,https://nancykhacha.github.io/knigi/kniga/voyna-katrin-graficheskiy-roman/,только аннотация,10–12 лет,,,"Текст по аннотации — сверить с книгой. | Жанр «сказка» не подходит: это графический роман на историческом материале. Темы «животные», «театр» проверить. | Текстовая версия — voyna-katrin в этой же партии: это разные книги, не дубль, карточки стоит связать. В поле автора Клер Фовель — художница."
batch-006.json,mirella,Мирелла,Флор Веско,https://nancykhacha.github.io/knigi/kniga/mirella/,только аннотация,13–15 лет,,,Текст по аннотации — сверить с книгой. | В аннотацию попали три читательских отзыва — убрать их или подписать как отзывы.
batch-006.json,dobrillion,Добриллион,Арнфинн Колеруд,https://nancykhacha.github.io/knigi/kniga/dobrillion/,только аннотация,13–15 лет,,,"Текст по аннотации — сверить с книгой. | Тему «экология» проверить; подойдут «деньги», «доброта»."
batch-006.json,pravyy-i-levyy,Правый и левый,Анна Пашкевич,https://nancykhacha.github.io/knigi/kniga/pravyy-i-levyy/,только аннотация,4–6 лет,,,Текст по аннотации — сверить с книгой.
batch-006.json,slezlivyy-klub,Слезливый клуб,Йерде Кристиан Виик,https://nancykhacha.github.io/knigi/kniga/slezlivyy-klub/,только аннотация,7–9 лет,9–12 лет,"Издательство называет книгу повестью для средней школы, в ней почти 370 страниц; для самостоятельного чтения в 7–8 лет это слишком объёмно.","Текст по аннотации — сверить с книгой. | В поле автора фамилия стоит первой: «Йерде Кристиан Виик», в аннотации — «Кристиан Виик Йерде». Проверить написание по обложке."
batch-006.json,myshi-puli-i-sobaki,"Мыши, пули и собаки",Марьолейн Хоф,https://nancykhacha.github.io/knigi/kniga/myshi-puli-i-sobaki/,только аннотация,10–12 лет,,,"Текст по аннотации — сверить с книгой; особенно — что именно делает героиня. | Жанры «сказка», «приключения» не подходят: это реалистичная повесть."
batch-006.json,ochen-ochen-osobennyy-detektiv,Очень-очень особенный детектив,Ромен Пуэртолас,https://nancykhacha.github.io/knigi/kniga/ochen-ochen-osobennyy-detektiv/,только аннотация,10–12 лет,,,Текст по аннотации — сверить с книгой.
batch-006.json,bred-kakoy-to,Бред какой-то!,Шурд Кёйпер,https://nancykhacha.github.io/knigi/kniga/bred-kakoy-to/,только аннотация,13–15 лет,,,"Текст по аннотации — сверить с книгой. | Тема «животные» под вопросом; добавить «смерть», «горе», «чтение»."
batch-006.json,voyna-katrin,Война Катрин,Юлия Бийе,https://nancykhacha.github.io/knigi/kniga/voyna-katrin/,только аннотация,10–12 лет,,,"Текст по аннотации — сверить с книгой. | Жанры «сказка», «поэзия» не подходят: это исторический роман. Темы «животные», «приключения» проверить. | Есть графическая версия — voyna-katrin-graficheskiy-roman в этой же партии; не дубль, но карточки стоит связать. | В аннотации Юлия Бийе названа лауреатом «Премии Андерсена (2018)», но Международную премию Андерсена в 2018 году получили другие авторы; вероятно, речь об итальянской премии Andersen — уточнить."
batch-006.json,krossover,Кроссовер,Александер Кваме,https://nancykhacha.github.io/knigi/kniga/krossover/,знаем книгу + аннотация,13–15 лет,,,"Переводчик не указан: русскую рэп-адаптацию сделал Михаил Феничев (по аннотации). | Темы «животные», «история» не подходят; добавить «спорт», «смерть близкого»."
batch-006.json,pro-bitvy-i-srazheniya,Про битвы и сражения,Эдуард Шендерович,https://nancykhacha.github.io/knigi/kniga/pro-bitvy-i-srazheniya/,только аннотация,4–6 лет,,,"Текст по аннотации — сверить с книгой. | Тема «отношения» мало что говорит о книге; подойдут «рыцари», «юмор»."
batch-006.json,polnochnyy-sad,Полночный сад,Филиппа Пирс,https://nancykhacha.github.io/knigi/kniga/polnochnyy-sad/,знаем книгу,7–9 лет,9–12 лет,"Неторопливая повесть о времени и памяти; её загадку и финал лучше понимают дети постарше, в оригинале книгу обычно советуют с 9–10 лет.","Аннотация — цитата из отзыва Wall Street Journal, о сюжете в ней ничего нет; заменить. | Жанр «реалистическая проза» не подходит: это сказочная повесть о путешествии во времени. Тема «отношения» мало что говорит; подойдут «время», «дружба», «одиночество». | 100 страниц для этой повести слишком мало — проверить данные издания."
batch-006.json,kamen-nozhnitsy-bumaga,"Камень, ножницы, бумага",Инес Гарланд,https://nancykhacha.github.io/knigi/kniga/kamen-nozhnitsy-bumaga/,только аннотация,13–15 лет,,,"Текст по аннотации — сверить с книгой. | Жанр «детектив» и тема «волшебство» не подходят: это реалистичный роман о взрослении на фоне диктатуры. Добавить темы «диктатура», «история»."
batch-006.json,strashnye-skazki-dyadyushki-montegyu,Страшные сказки дядюшки Монтегю,Крис Пристли,https://nancykhacha.github.io/knigi/kniga/strashnye-skazki-dyadyushki-montegyu/,знаем книгу + аннотация,13–15 лет,,,"Аннотация описывает цикл в целом, а не эту книгу; стоит заменить. | Жанр «сказка» условен: это сборник страшных историй. Темы «школа», «животные» проверить."
batch-006.json,poslednyaya-ovtsa,Последняя овца,Ульрих Хуб,https://nancykhacha.github.io/knigi/kniga/poslednyaya-ovtsa/,только аннотация,4–6 лет,,,"Текст по аннотации — сверить с книгой. | Тема «космос» под вопросом; подойдут «Рождество», «вера», «юмор»."
batch-006.json,mira,Мира,Сабина Лемире,https://nancykhacha.github.io/knigi/kniga/mira/,только аннотация,10–12 лет,,,Текст по аннотации — сверить с книгой. | Жанр «реалистическая проза» стоит уточнить: это графический роман. Соавтор-художник Расмус Бренхой в карточке не указан.
batch-006.json,prosto-prazdnik,Просто праздник!,Артур Гиваргизов,https://nancykhacha.github.io/knigi/kniga/prosto-prazdnik/,только аннотация,4–6 лет,,,"Текст по аннотации — сверить с книгой. | Аннотация обрывается: после слов «Например, для Дня космонавтики» пропущено стихотворение. Тема «отношения» мало что говорит о книге."
batch-006.json,ryby-ne-tayut,Рыбы не тают,Жеф Артс,https://nancykhacha.github.io/knigi/kniga/ryby-ne-tayut/,только аннотация,10–12 лет,,,"Текст по аннотации — сверить с книгой. | Жанр «сказка» под вопросом: по аннотации это реалистичная, местами сюрреалистическая повесть. Добавить тему «депрессия»."
batch-006.json,zeb,ЗЕБ.,Гидеон Самсон,https://nancykhacha.github.io/knigi/kniga/zeb/,только аннотация,7–9 лет,,,"Текст по аннотации — сверить с книгой. | Аннотация — фрагмент отзыва, о содержании книги в ней почти ничего; заменить. Жанр «сказка» и темы проверить."
batch-006.json,istoriya-mey-malenkoy-zhenschiny,История Мэй Маленькой Женщины,Беатриче Мазини,https://nancykhacha.github.io/knigi/kniga/istoriya-mey-malenkoy-zhenschiny/,только аннотация,10–12 лет,,,Текст по аннотации — сверить с книгой. | Жанр «сказка» не подходит: это историческая повесть по мотивам биографии Луизы Мэй Олкотт.
batch-006.json,bitva-s-komarami,Битва с комарами,Бьёрн Рёрвик,https://nancykhacha.github.io/knigi/kniga/bitva-s-komarami/,только аннотация,4–6 лет,,,Текст по аннотации — сверить с книгой.
batch-006.json,leto-v-mihaluvke-i-v-vilgelmuvke,Лето в Михалувке и в Вильгельмувке,Януш Корчак,https://nancykhacha.github.io/knigi/kniga/leto-v-mihaluvke-i-v-vilgelmuvke/,только аннотация,10–12 лет,,,"Текст по аннотации — сверить с книгой. | Жанр «сказка» не подходит: это реалистичные повести. Тема «война» к самим повестям, судя по аннотации, отношения не имеет."
batch-006.json,devochki-kolduni,Девочки-колдуньи,Надежда Беленькая,https://nancykhacha.github.io/knigi/kniga/devochki-kolduni/,только аннотация,10–12 лет,,,"Текст по аннотации — сверить с книгой. | Жанр «сказка» точнее назвать городским фэнтези. Темы «животные», «путешествия» проверить."
batch-006.json,luchshe-leti-proekt-19,Лучше лети. Проект №19,Ася Кравченко,https://nancykhacha.github.io/knigi/kniga/luchshe-leti-proekt-19/,только аннотация,7–9 лет,,,"Текст по аннотации — сверить с книгой. | Жанр «сказка» и темы «животные», «театр» проверить: по аннотации это реалистичная повесть."
batch-006.json,improvizatory-chast-pervaya-sakvoyazh-madam-renar,Импровизаторы. Часть первая. Саквояж мадам Ренар,Елена Соковенина,https://nancykhacha.github.io/knigi/kniga/improvizatory-chast-pervaya-sakvoyazh-madam-renar/,только аннотация,13–15 лет,,,"Текст по аннотации — сверить с книгой. | Аннотация написана в рекламном стиле, о сюжете в ней мало. Тема «животные» под вопросом."
batch-006.json,kak-porosenok-bolel-leopardozom,Как поросёнок болел леопардозом,Бьёрн Рёрвик,https://nancykhacha.github.io/knigi/kniga/kak-porosenok-bolel-leopardozom/,только аннотация,4–6 лет,,,"Текст по аннотации — сверить с книгой. | Аннотация — о серии в целом, о сюжете этой книжки в ней ничего нет; заменить. Темы «семья», «братья и сёстры», «страх» проверить."
batch-006.json,gips,Гипс,Анна Вольтц,https://nancykhacha.github.io/knigi/kniga/gips/,только аннотация,10–12 лет,,,"Текст по аннотации — сверить с книгой. | Аннотация состоит из отзывов, о сюжете и героях в ней ничего нет; заменить. Тема «животные» под вопросом."
batch-006.json,flon-flon-i-myuzett,Флон-Флон и Мюзетт,Эльжбета,https://nancykhacha.github.io/knigi/kniga/flon-flon-i-myuzett/,только аннотация,4–6 лет,,,Текст по аннотации — сверить с книгой. | Жанр «реалистическая проза» не подходит: это книжка-картинка.
batch-006.json,priklyucheniya-kamo,Приключения Камо,Даниэль Пеннак,https://nancykhacha.github.io/knigi/kniga/priklyucheniya-kamo/,только аннотация,10–12 лет,,,"Текст по аннотации — сверить с книгой: аннотация описывает серию «Классика Самоката», а не книгу, поэтому текст написан только по данным карточки. | Аннотацию нужно заменить описанием самой книги."
batch-006.json,kniga-vseh-veschey,Книга всех вещей,Гюс Кёйер,https://nancykhacha.github.io/knigi/kniga/kniga-vseh-veschey/,знаем книгу + аннотация,10–12 лет,,,"Темы «школа», «животные» мало что говорят о книге; добавить «домашнее насилие», «вера», «страх». Чувствительные темы не отмечены."
batch-006.json,neveroyatnoe-nashestvie-medvedey-na-sitsiliyu,Невероятное нашествие медведей на Сицилию,Дино Буццати,https://nancykhacha.github.io/knigi/kniga/neveroyatnoe-nashestvie-medvedey-na-sitsiliyu/,знаем книгу + аннотация,7–9 лет,,,"Аннотация состоит из нескольких рецензий и раскрывает финал; стоит сократить. Темы «история», «музыка» проверить."
batch-006.json,kovcheg-othodit-rovno-v-vosem,Ковчег отходит ровно в восемь,Ульрих Хуб,https://nancykhacha.github.io/knigi/kniga/kovcheg-othodit-rovno-v-vosem/,только аннотация,7–9 лет,,,"Текст по аннотации — сверить с книгой. | Аннотация начинается с описания серии «Классика Самоката» и включает отзывы — стоит сократить. Темы «школа», «театр» проверить."
batch-006.json,malchik-kotoryy-plaval-s-piranyami,"Мальчик, который плавал с пираньями",Дэвид Алмонд,https://nancykhacha.github.io/knigi/kniga/malchik-kotoryy-plaval-s-piranyami/,знаем книгу + аннотация,7–9 лет,,,"Аннотация — общий отзыв о творчестве Алмонда, о сюжете в ней почти ничего; стоит заменить."
batch-006.json,marta-s-cherepami,Марта с черепами,Дарья Варденбург,https://nancykhacha.github.io/knigi/kniga/marta-s-cherepami/,только аннотация,13–15 лет,,,Текст по аннотации — сверить с книгой. | Жанр «сказка» не подходит: это реалистичная повесть. Продолжение — marta-i-poltora-ubiystva в этой же партии.
batch-006.json,angelino-braun,Ангелино Браун,Дэвид Алмонд,https://nancykhacha.github.io/knigi/kniga/angelino-braun/,только аннотация,4–6 лет,7–10 лет,"Повесть больше чем на 270 страниц, действие во многом происходит в школьном классе; для дошкольника она длинновата, младшим школьникам — в самый раз.",Текст по аннотации — сверить с книгой.
batch-006.json,fizika-tuzika,Физика Тузика,Алексей Зайцев,https://nancykhacha.github.io/knigi/kniga/fizika-tuzika/,только аннотация,4–6 лет,,,"Текст по аннотации — сверить с книгой. | Темы «школа», «экология» условны: это стихи с игрой слов."
batch-006.json,volche-nebo,Волчье небо,Юлия Яковлева,https://nancykhacha.github.io/knigi/kniga/volche-nebo/,только аннотация,13–15 лет,,,"Текст по аннотации — сверить с книгой. | Жанр «юмор» не подходит; тема «животные» под вопросом. Первая книга цикла — deti-vorona в этой же партии; проверить, есть ли в каталоге остальные."
batch-006.json,kafe-ptichiy-hvost,Кафе «Птичий хвост»,Бьёрн Рёрвик,https://nancykhacha.github.io/knigi/kniga/kafe-ptichiy-hvost/,только аннотация,4–6 лет,,,Текст по аннотации — сверить с книгой.
batch-006.json,ya-ne-tormoz,Я не тормоз,Нина Дашевская,https://nancykhacha.github.io/knigi/kniga/ya-ne-tormoz/,только аннотация,10–12 лет,,,"Текст по аннотации — сверить с книгой. | Тема «животные» под вопросом; подойдут «дружба», «музыка», «город»."
batch-006.json,riko-oskar-i-razbitoe-serdtse,"Рико, Оскар и разбитое сердце",Андреас Штайнхёфель,https://nancykhacha.github.io/knigi/kniga/riko-oskar-i-razbitoe-serdtse/,только аннотация,10–12 лет,,,"Текст по аннотации — сверить с книгой. | Вторая книга о Рико и Оскаре; проверить, есть ли в каталоге первая — «Рико, Оскар и тени темнее тёмного»."
batch-006.json,otel-bolshaya-l,Отель «Большая Л»,Шурд Кёйпер,https://nancykhacha.github.io/knigi/kniga/otel-bolshaya-l/,только аннотация,13–15 лет,,,Текст по аннотации — сверить с книгой. | Тема «животные» под вопросом; добавить «болезнь близких».
batch-006.json,hedvig-nakonets-to-idet-v-shkolu-kniga-pervaya,Хедвиг наконец-то идет в школу! Книга первая,Фрида Нильсон,https://nancykhacha.github.io/knigi/kniga/hedvig-nakonets-to-idet-v-shkolu-kniga-pervaya/,только аннотация,7–9 лет,,,"Текст по аннотации — сверить с книгой. | В поле переводчика «Мария со шведского Людковская»: «со шведского» попало внутрь имени, нужно «Мария Людковская». | Жанр «сказка» не подходит: это реалистичная повесть."
batch-006.json,tsatsa-zamorskaya,Цаца заморская,Елена Макарова,https://nancykhacha.github.io/knigi/kniga/tsatsa-zamorskaya/,только аннотация,13–15 лет,,,"Текст по аннотации — сверить с книгой. | Темы «животные», «морские приключения» проверить; подойдут «детство», «интернат», «взросление»."
batch-006.json,uzhel-ta-samaya-tatyana,Ужель та самая Татьяна?,Клементина Бове,https://nancykhacha.github.io/knigi/kniga/uzhel-ta-samaya-tatyana/,только аннотация,13–15 лет,,,"Текст по аннотации — сверить с книгой. | Жанры «сказка», «поэзия» лучше заменить на «роман в стихах»; темы «животные», «спорт» проверить. В аннотацию попали отзывы — сократить."
batch-006.json,vratar-i-more,Вратарь и море,Мария Парр,https://nancykhacha.github.io/knigi/kniga/vratar-i-more/,только аннотация,10–12 лет,,,"Текст по аннотации — сверить с книгой. | Проверить, есть ли в каталоге «Вафельное сердце», и связать карточки. В аннотации Мария Парр в одном месте названа шведской писательницей — она норвежская."
batch-006.json,pust-begut-neuklyuzhi,Пусть бегут неуклюжи,Александр Тимофеевский,https://nancykhacha.github.io/knigi/kniga/pust-begut-neuklyuzhi/,только аннотация,4–6 лет,,,Текст по аннотации — сверить с книгой. | Жанр «сказка» и тему «мифология» проверить: это сборник стихов.
batch-006.json,pohischenie-printsa-oleomargarina,Похищение принца Олеомаргарина,Марк Твен,https://nancykhacha.github.io/knigi/kniga/pohischenie-printsa-oleomargarina/,только аннотация,7–9 лет,,,"Текст по аннотации — сверить с книгой. | В поле автора только Марк Твен; соавтор — Филип Стед, дописавший сказку, иллюстратор — Эрин Стед. Стоит указать обоих."
batch-006.json,siniy-slon-ili-devochka-kotoraya-razgovarivala-s-oblakami,"Синий слон, или девочка, которая разговаривала с облаками",Александр Блинов,https://nancykhacha.github.io/knigi/kniga/siniy-slon-ili-devochka-kotoraya-razgovarivala-s-oblakami/,только аннотация,7–9 лет,,,"Текст по аннотации — сверить с книгой. | Темы «история», «первая любовь» проверить."
batch-006.json,p-oslikov-prodolzhaet-hotet-kak-luchshe,"П. Осликов продолжает хотеть, как лучше",Елена Соковенина,https://nancykhacha.github.io/knigi/kniga/p-oslikov-prodolzhaet-hotet-kak-luchshe/,только аннотация,10–12 лет,,,"Текст по аннотации — сверить с книгой. | Вторая книга; проверить, есть ли в каталоге первая — «Приключения П. Осликова, ребёнка, который хотел как лучше». Тема «животные» под вопросом."
batch-006.json,den-chisla-pi,День числа Пи,Нина Дашевская,https://nancykhacha.github.io/knigi/kniga/den-chisla-pi/,только аннотация,10–12 лет,,,Текст по аннотации — сверить с книгой. | Тема «животные» под вопросом.
batch-006.json,miss-cheriti,Мисс Черити,Мари-Од Мюрай,https://nancykhacha.github.io/knigi/kniga/miss-cheriti/,только аннотация,10–12 лет,,,"Текст по аннотации — сверить с книгой. | Жанр «юмор» стоит дополнить: это роман о взрослении, вдохновлённый биографией Беатрис Поттер."
batch-006.json,nikita-ischet-more,Никита ищет море,Дарья Варденбург,https://nancykhacha.github.io/knigi/kniga/nikita-ischet-more/,только аннотация,7–9 лет,,,Текст по аннотации — сверить с книгой. | Жанр «детектив» не подходит: это повесть о лете и взрослении.
batch-006.json,teo-teatralnyy-kapitan,Тео — театральный капитан,Нина Дашевская,https://nancykhacha.github.io/knigi/kniga/teo-teatralnyy-kapitan/,только аннотация,4–6 лет,,,Текст по аннотации — сверить с книгой.
batch-006.json,dzhagger-dzhagger,"Джаггер, Джаггер!",Фрида Нильсон,https://nancykhacha.github.io/knigi/kniga/dzhagger-dzhagger/,только аннотация,7–9 лет,,,"Текст по аннотации — сверить с книгой. | В поле переводчика «Ксения со шведского Коваленко»: «со шведского» попало внутрь имени, нужно «Ксения Коваленко». Добавить темы «травля», «дружба»."
batch-006.json,ostorozhno-pitbul-tere,"Осторожно, Питбуль-Терье!",Эндре Люнд Эриксен,https://nancykhacha.github.io/knigi/kniga/ostorozhno-pitbul-tere/,только аннотация,13–15 лет,,,"Текст по аннотации — сверить с книгой. | Жанр «детектив» под вопросом: по аннотации это повесть о дружбе и взрослении. Темы «животные», «экология» проверить."
batch-006.json,babushka-krichit-frider-42-istorii-iz-zhizni-prokaznikov,Бабушка — кричит Фридер. 42 истории из жизни проказников,Гудрун Мебс,https://nancykhacha.github.io/knigi/kniga/babushka-krichit-frider-42-istorii-iz-zhizni-prokaznikov/,только аннотация,4–6 лет,,,Текст по аннотации — сверить с книгой. | Название искажено: в аннотации — «„Бабушка!“ — кричит Фридер»; в каталоге пропали кавычки и восклицательный знак.
batch-006.json,udivitelnye-priklyucheniya-mauliny-shmitt-chast-2-v-ozhidanii-chuda,Удивительные приключения Маулины Шмитт. Часть 2. В ожидании чуда,Финн-Оле Хайнрих,https://nancykhacha.github.io/knigi/kniga/udivitelnye-priklyucheniya-mauliny-shmitt-chast-2-v-ozhidanii-chuda/,только аннотация,10–12 лет,,,"Текст по аннотации — сверить с книгой. | Вторая часть; первая — udivitelnye-priklyucheniya-mauliny-shmitt-chast-1-moe-razrushennoe в этой же партии. Жанр «фэнтези» и тема «волшебство» под вопросом; добавить «развод родителей», «болезнь близких»."
batch-006.json,razboynikovy-i-razboynichya-pesn,Разбойниковы и разбойничья песнь,Сири Колу,https://nancykhacha.github.io/knigi/kniga/razboynikovy-i-razboynichya-pesn/,только аннотация,7–9 лет,,,"Текст по аннотации — сверить с книгой. | Вторая книга о Вилье; проверить, есть ли в каталоге первая — «Мы — Разбойниковы». Жанр «реалистическая проза» стоит заменить на «приключения», «юмор»."
batch-006.json,dnevnik-kota-ubiytsy-vse-istorii,Дневник кота-убийцы. Все истории,Энн Файн,https://nancykhacha.github.io/knigi/kniga/dnevnik-kota-ubiytsy-vse-istorii/,знаем книгу + аннотация,7–9 лет,,,"В каталоге есть отдельная карточка «Дневник Кота-убийцы» (dnevnik-kota-ubiytsy, в пилоте). Это сборник всех историй, а не дубль, но карточки стоит связать; написание названия разное («Кота-убийцы» и «кота-убийцы») — сверить с обложками."
batch-006.json,pravilo-69-dlya-tolstoy-chayki,Правило 69 для толстой чайки,Дарья Варденбург,https://nancykhacha.github.io/knigi/kniga/pravilo-69-dlya-tolstoy-chayki/,только аннотация,13–15 лет,,,"Текст по аннотации — сверить с книгой. | Темы «животные», «природа» мало что говорят о книге; подойдут «парусный спорт», «мечта», «общение»."
batch-006.json,kimka-kompaniya,Кимка&компания,Наталья Евдокимова,https://nancykhacha.github.io/knigi/kniga/kimka-kompaniya/,только аннотация,7–9 лет,,,Текст по аннотации — сверить с книгой.
batch-006.json,prostodursen-leto-i-koe-chto-esche,Простодурсен. Лето и кое-что еще,Руне Белсвик,https://nancykhacha.github.io/knigi/kniga/prostodursen-leto-i-koe-chto-esche/,только аннотация,4–6 лет,,,"Текст по аннотации — сверить с книгой. | Тема «театр» под вопросом. В этой же партии — «Простодурсен. Зима от начала до конца»; связать карточки и проверить, есть ли другие книги серии."
batch-006.json,leto-v-lesu,Лето в лесу,Ульф Старк,https://nancykhacha.github.io/knigi/kniga/leto-v-lesu/,только аннотация,4–6 лет,,,"Текст по аннотации — сверить с книгой. | В поле переводчика «Мария со шведского Людковская»: «со шведского» попало внутрь имени, нужно «Мария Людковская». Проверить, есть ли в каталоге «Рождество в лесу»."
batch-006.json,pampa-blyuz,Пампа-блюз,Рольф Лапперт,https://nancykhacha.github.io/knigi/kniga/pampa-blyuz/,только аннотация,13–15 лет,,,Текст по аннотации — сверить с книгой. | Тему «инклюзия» уточнить: в книге дедушка с деменцией. В аннотации устаревшее «слабоумный» — заменить.
batch-006.json,vango-tom-1-mezhdu-nebom-i-zemley,Ванго. Том 1. Между небом и землей,Тимоте де Фомбель,https://nancykhacha.github.io/knigi/kniga/vango-tom-1-mezhdu-nebom-i-zemley/,только аннотация,10–12 лет,12–15 лет,"Герой — юноша, в романе стрельба, погони, любовная линия и приход нацистов к власти; это подростковый роман, а не детская книга.",Текст по аннотации — сверить с книгой. | Переводчик не указан — дополнить. | Жанр «фэнтези» не подходит: это исторический приключенческий роман. Тему «животные» проверить.
batch-006.json,prostodursen-zima-ot-nachala-do-kontsa,Простодурсен. Зима от начала до конца,Руне Белсвик,https://nancykhacha.github.io/knigi/kniga/prostodursen-zima-ot-nachala-do-kontsa/,только аннотация,4–6 лет,,,Текст по аннотации — сверить с книгой. | В этой же партии — «Простодурсен. Лето и кое-что ещё» (продолжение); связать карточки.
batch-006.json,v-odezhde-cheloveka,В одежде человека,Леена Крун,https://nancykhacha.github.io/knigi/kniga/v-odezhde-cheloveka/,только аннотация,7–9 лет,,,Текст по аннотации — сверить с книгой. | Жанр «поэзия» не подходит: это сказочная повесть. Тему «братья и сёстры» проверить.
batch-006.json,deti-vorona,Дети ворона,Юлия Яковлева,https://nancykhacha.github.io/knigi/kniga/deti-vorona/,только аннотация,13–15 лет,,,"Текст по аннотации — сверить с книгой. | Темы «животные», «искусство», «путешествия» мало что говорят о книге; добавить «репрессии», «история». Другие книги цикла: «Волчье небо» (volche-nebo) в этой же партии, «Краденый город» — в пилоте."
batch-006.json,basseyn-ili-vse-leto-pod-otkrytym-nebom,"Бассейн, или Всё лето под открытым небом",Виль Гмелинг,https://nancykhacha.github.io/knigi/kniga/basseyn-ili-vse-leto-pod-otkrytym-nebom/,только аннотация,7–9 лет,,,Текст по аннотации — сверить с книгой.
batch-006.json,korolevstvo-kraeugolnogo-kamnya-proschanie-kniga-3,Королевство Краеугольного Камня. Прощание. Книга 3,Паскаль Кивижер,https://nancykhacha.github.io/knigi/kniga/korolevstvo-kraeugolnogo-kamnya-proschanie-kniga-3/,только аннотация,13–15 лет,,,Текст по аннотации — сверить с книгой. | Третий том; первые два — в этой же партии. Жанр «детектив» под вопросом.
batch-006.json,istoriya-ernesta-i-selestiny,История Эрнеста и Селестины,Даниэль Пеннак,https://nancykhacha.github.io/knigi/kniga/istoriya-ernesta-i-selestiny/,знаем книгу + аннотация,7–9 лет,,,"Темы «природа», «мифология», «театр» мало что говорят о книге; подойдут «дружба», «предрассудки», «неравенство»."
batch-006.json,glaz-volka,Глаз волка,Даниэль Пеннак,https://nancykhacha.github.io/knigi/kniga/glaz-volka/,только аннотация,7–9 лет,,,Текст по аннотации — сверить с книгой. | Жанр «сказка» и тему «история» проверить.
batch-006.json,priklyucheniya-semeyki-hryullops,Приключения семейки Хрюллопс,Томи Унгерер,https://nancykhacha.github.io/knigi/kniga/priklyucheniya-semeyki-hryullops/,знаем книгу + аннотация,4–6 лет,,,"Тема «искусство» относится скорее к иллюстрациям, чем к сюжету."
batch-006.json,poslushay-moe-serdtse,Послушай моё сердце,Бьянка Питцорно,https://nancykhacha.github.io/knigi/kniga/poslushay-moe-serdtse/,только аннотация,10–12 лет,,,Текст по аннотации — сверить с книгой. | Жанр «сказка» не подходит: это реалистичный роман о школе.
batch-006.json,zhuzha-i-korovka-zaplyvayut-daleko,Жужа и Коровка заплывают далеко,Лиза Морони,https://nancykhacha.github.io/knigi/kniga/zhuzha-i-korovka-zaplyvayut-daleko/,только аннотация,2–3 года,,,"Текст по аннотации — сверить с книгой. | В поле переводчика «Оксана со шведского Малахова»: «со шведского» попало внутрь имени, нужно «Оксана Малахова». Тема «искусство» под вопросом."
batch-006.json,papa-ischet-rabotu,Папа ищет работу,Валя Филиппенко,https://nancykhacha.github.io/knigi/kniga/papa-ischet-rabotu/,только аннотация,7–9 лет,,,Текст по аннотации — сверить с книгой. | Тема «животные» под вопросом.
batch-006.json,ostrov-v-more-prud-belyh-liliy-annika-tor-tom-1,Остров в море. Пруд белых лилий. Анника Тор. Том 1,Анника Тор,https://nancykhacha.github.io/knigi/kniga/ostrov-v-more-prud-belyh-liliy-annika-tor-tom-1/,только аннотация,13–15 лет,,,Текст по аннотации — сверить с книгой. | В названии лишнее имя автора: «… Анника Тор. Том 1» — убрать. В поле переводчика «Марина со шведского Конобеева»: нужно «Марина Конобеева».
