group,kind,slug,title,author,age,publisher,url
колобок,"одно название — проверить, одно ли это произведение",kolobok-skazka,Колобок,Народная сказка,2–4 года,АСТ,https://n-e-n.ru/knigi/kniga/kolobok-skazka/
колобок,"одно название — проверить, одно ли это произведение",kolobok,Колобок,Константин Ушинский; Екатерина Полторак,5–9 лет,Альпина.Дети,https://n-e-n.ru/knigi/kniga/kolobok/
три поросенка,"одно название — проверить, одно ли это произведение",tri-porosenka,Три поросёнка,Английская народная сказка; версия Джозефа Джейкобса,3–6 лет,,https://n-e-n.ru/knigi/kniga/tri-porosenka/
три поросенка,"одно название — проверить, одно ли это произведение",tri-porosenka-mihalkov,Три поросёнка,Сергей Михалков,6–11 лет,АСТ,https://n-e-n.ru/knigi/kniga/tri-porosenka-mihalkov/
три поросенка,"одно название — проверить, одно ли это произведение",tri-porosenka-smirnova,Три поросенка,Е. Смирнова,3–7 лет,,https://n-e-n.ru/knigi/kniga/tri-porosenka-smirnova/
три поросенка,"одно название — проверить, одно ли это произведение",tri-porosenka-bulatov,Три поросёнка,Эрик Булатов,7–12 лет,РИПОЛ классик,https://n-e-n.ru/knigi/kniga/tri-porosenka-bulatov/
джейн лиса и я,"одно название — проверить, одно ли это произведение",dzheyn-lisa-i-ya-britt,"Джейн, лиса и я",Фанни Бритт,10–14 лет,Белая ворона,https://n-e-n.ru/knigi/kniga/dzheyn-lisa-i-ya-britt/
джейн лиса и я,"одно название — проверить, одно ли это произведение",dzheyn-lisa-i-ya,"Джейн, лиса и я",Изабель Арсено; Фанни Бритт,12–17 лет,Белая ворона,https://n-e-n.ru/knigi/kniga/dzheyn-lisa-i-ya/
голос,"одно название — проверить, одно ли это произведение",golos-dotsuk,Голос,Дарья Доцук,12–16 лет,Самокат,https://n-e-n.ru/knigi/kniga/golos-dotsuk/
голос,"одно название — проверить, одно ли это произведение",golos,Голос,Памела Загаренски,3–7 лет,Поляндрия,https://n-e-n.ru/knigi/kniga/golos/
денискины рассказы,"одно произведение, разные издания",deniskiny-rasskazy,Денискины рассказы,Виктор Драгунский,6–10 лет,Азбука-Аттикус,https://n-e-n.ru/knigi/kniga/deniskiny-rasskazy/
денискины рассказы,"одно произведение, разные издания",deniskiny-rasskazy-vneklassnoe-chtenie,Денискины рассказы,Виктор Драгунский,7–12 лет,МИФ.Детство,https://n-e-n.ru/knigi/kniga/deniskiny-rasskazy-vneklassnoe-chtenie/
волшебник изумрудного города,"одно произведение, разные издания",volshebnik-izumrudnogo-goroda,Волшебник Изумрудного города,Александр Волков,6–11 лет,Азбука-Аттикус,https://n-e-n.ru/knigi/kniga/volshebnik-izumrudnogo-goroda/
волшебник изумрудного города,"одно произведение, разные издания",volshebnik-izumrudnogo-goroda-vneklassnoe-chtenie,Волшебник Изумрудного города,Александр Волков,7–12 лет,МИФ.Детство,https://n-e-n.ru/knigi/kniga/volshebnik-izumrudnogo-goroda-vneklassnoe-chtenie/
волшебник изумрудного города,"одно произведение, разные издания",volshebnik-izumrudnogo-goroda-il-a-vlasovoy-1,Волшебник Изумрудного города,Александр Волков,7–12 лет,Эксмо,https://n-e-n.ru/knigi/kniga/volshebnik-izumrudnogo-goroda-il-a-vlasovoy-1/
старик хоттабыч,"одно произведение, разные издания",starik-hottabych,Старик Хоттабыч,Лазарь Лагин,8–12 лет,,https://n-e-n.ru/knigi/kniga/starik-hottabych/
старик хоттабыч,"одно произведение, разные издания",starik-hottabych-il-v-kanivtsa,Старик Хоттабыч,Лазарь Лагин,7–12 лет,Эксмо,https://n-e-n.ru/knigi/kniga/starik-hottabych-il-v-kanivtsa/
сказки дядюшки римуса,"одно название — проверить, одно ли это произведение",skazki-dyadyushki-rimusa,Сказки дядюшки Римуса,Джоэль Чандлер Харрис,7–12 лет,,https://n-e-n.ru/knigi/kniga/skazki-dyadyushki-rimusa/
сказки дядюшки римуса,"одно название — проверить, одно ли это произведение",skazki-dyadyushki-rimusa-il-i-petelinoy,Сказки дядюшки Римуса,Джоэль Харрис,3–6 лет,Эксмо,https://n-e-n.ru/knigi/kniga/skazki-dyadyushki-rimusa-il-i-petelinoy/
семь подземных королей,"одно произведение, разные издания",sem-podzemnyh-koroley,Семь подземных королей,Александр Волков,7–11 лет,АСТ,https://n-e-n.ru/knigi/kniga/sem-podzemnyh-koroley/
семь подземных королей,"одно произведение, разные издания",sem-podzemnyh-koroley-il-v-kanivtsa-3,Семь подземных королей,Александр Волков,7–12 лет,Эксмо,https://n-e-n.ru/knigi/kniga/sem-podzemnyh-koroley-il-v-kanivtsa-3/
маленький принц,"одно произведение, разные издания",malenkiy-prints-sent-ekzyuperi,Маленький принц,Антуан де Сент-Экзюпери,9–16 лет,АСТ,https://n-e-n.ru/knigi/kniga/malenkiy-prints-sent-ekzyuperi/
маленький принц,"одно произведение, разные издания",malenkiy-prints-illyustratsii-ha-chang-tahtag,Маленький принц,Антуан де Сент-Экзюпери,7–12 лет,МИФ.Детство,https://n-e-n.ru/knigi/kniga/malenkiy-prints-illyustratsii-ha-chang-tahtag/
маленький принц,"одно произведение, разные издания",malenkiy-prints,Маленький принц,Антуан де Сент-Экзюпери,7–12 лет,МИФ.Детство,https://n-e-n.ru/knigi/kniga/malenkiy-prints/
тим талер или проданный смех,"одно произведение, разные издания",tim-taler-ili-prodannyy-smeh,"Тим Талер, или Проданный смех",Джеймс Крюс,10–15 лет,АСТ,https://n-e-n.ru/knigi/kniga/tim-taler-ili-prodannyy-smeh/
тим талер или проданный смех,"одно произведение, разные издания",tim-taler-ili-prodannyy-smeh-illyustratsii-niki-golts-2-e-izd,"Тим Талер, или Проданный смех",Джеймс Крюс,10–17 лет,КомпасГид,https://n-e-n.ru/knigi/kniga/tim-taler-ili-prodannyy-smeh-illyustratsii-niki-golts-2-e-izd/
сказки,"одно название — проверить, одно ли это произведение",skazki-mihalkov,Сказки,Сергей Михалков,6–11 лет,Izdatelʹstvo ACT,https://n-e-n.ru/knigi/kniga/skazki-mihalkov/
сказки,"одно название — проверить, одно ли это произведение",skazki-ushinskiy,Сказки,Константин Ушинский,7–12 лет,Детская литература,https://n-e-n.ru/knigi/kniga/skazki-ushinskiy/
сказки,"одно название — проверить, одно ли это произведение",skazki-chukovskiy,Сказки,Корней Чуковский,5–9 лет,АСТ,https://n-e-n.ru/knigi/kniga/skazki-chukovskiy/
сказки,"одно название — проверить, одно ли это произведение",skazki-pushkin,Сказки,Александр Пушкин,6–11 лет,АСТ,https://n-e-n.ru/knigi/kniga/skazki-pushkin/
сказки,"одно название — проверить, одно ли это произведение",skazki,Сказки,Ольга Капица; Константин Ушинский; Алексей Толстой,3–7 лет,Альпина.Дети,https://n-e-n.ru/knigi/kniga/skazki/
сказки,"одно название — проверить, одно ли это произведение",skazki-afanasev,Сказки,Александр Афанасьев; Алексей Толстой,7–12 лет,Альпина.Дети,https://n-e-n.ru/knigi/kniga/skazki-afanasev/
сказки,"одно название — проверить, одно ли это произведение",skazki-il-v-kanivtsa,Сказки,Редьярд Киплинг,7–12 лет,Эксмо,https://n-e-n.ru/knigi/kniga/skazki-il-v-kanivtsa/
ёжик в тумане,"одно название — проверить, одно ли это произведение",ezhik-v-tumane,Ёжик в тумане,Сергей Козлов,6–11 лет,Стрекоза,https://n-e-n.ru/knigi/kniga/ezhik-v-tumane/
ёжик в тумане,"одно название — проверить, одно ли это произведение",ezhik-v-tumane-norshteyn,Ёжик в тумане,Юрий Норштейн,7–12 лет,АСТ,https://n-e-n.ru/knigi/kniga/ezhik-v-tumane-norshteyn/
рассказы о животных,"одно произведение, разные издания",rasskazy-o-zhivotnyh,Рассказы о животных,Михаил Пришвин,7–12 лет,АСТ,https://n-e-n.ru/knigi/kniga/rasskazy-o-zhivotnyh/
рассказы о животных,"одно произведение, разные издания",rasskazy-o-zhivotnyh-il-s-yarovogo,Рассказы о животных,Михаил Пришвин,7–12 лет,Эксмо,https://n-e-n.ru/knigi/kniga/rasskazy-o-zhivotnyh-il-s-yarovogo/
рассказы,"одно название — проверить, одно ли это произведение",rasskazy-byanki,Рассказы,Виталий Бянки,6–11 лет,Стрекоза,https://n-e-n.ru/knigi/kniga/rasskazy-byanki/
рассказы,"одно название — проверить, одно ли это произведение",rasskazy,Рассказы,Радий Погодин,4–14 лет,Мелик-Пашаев,https://n-e-n.ru/knigi/kniga/rasskazy/
заюшкина избушка,"одно название — проверить, одно ли это произведение",zayushkina-izbushka-kotyatova,Заюшкина избушка,Н. И. Котятова; Т. В. Баринова,0–3 года,Эксмо,https://n-e-n.ru/knigi/kniga/zayushkina-izbushka-kotyatova/
заюшкина избушка,"одно название — проверить, одно ли это произведение",zayushkina-izbushka,Заюшкина избушка,Ольга Капица; Татьяна Серова,5–9 лет,Альпина.Дети,https://n-e-n.ru/knigi/kniga/zayushkina-izbushka/
белеет парус одинокий,"одно произведение, разные издания",beleet-parus-odinokiy-kataev,Белеет парус одинокий,Валентин Катаев,7–12 лет,АСТ,https://n-e-n.ru/knigi/kniga/beleet-parus-odinokiy-kataev/
белеет парус одинокий,"одно произведение, разные издания",beleet-parus-odinokiy,Белеет парус одинокий,Валентин Катаев,7–12 лет,МИФ.Детство,https://n-e-n.ru/knigi/kniga/beleet-parus-odinokiy/
стихи и сказки,"одно название — проверить, одно ли это произведение",stihi-i-skazki-marshak,Стихи и сказки,Самуил Маршак,7–12 лет,АСТ,https://n-e-n.ru/knigi/kniga/stihi-i-skazki-marshak/
стихи и сказки,"одно название — проверить, одно ли это произведение",stihi-i-skazki,Стихи и сказки,Борис Заходер,6–11 лет,АСТ,https://n-e-n.ru/knigi/kniga/stihi-i-skazki/
волк и козлята,"одно название — проверить, одно ли это произведение",volk-i-kozlyata,Волк и козлята,Н. И. Котятова; Т. В. Баринова,7–12 лет,,https://n-e-n.ru/knigi/kniga/volk-i-kozlyata/
волк и козлята,"одно название — проверить, одно ли это произведение",volk-i-kozlyata-afanasev,Волк и козлята,Александр Афанасьев,7–12 лет,Эксмо,https://n-e-n.ru/knigi/kniga/volk-i-kozlyata-afanasev/
волшебное кольцо,"одно название — проверить, одно ли это произведение",volshebnoe-koltso,Волшебное кольцо,Андрей Платонов,6–11 лет,Азбука-Аттикус,https://n-e-n.ru/knigi/kniga/volshebnoe-koltso/
волшебное кольцо,"одно название — проверить, одно ли это произведение",volshebnoe-koltso-shergin,Волшебное кольцо,Борис Шергин,6–11 лет,Самокат,https://n-e-n.ru/knigi/kniga/volshebnoe-koltso-shergin/
сонные сказки,"одно название — проверить, одно ли это произведение",sonnye-skazki-slavitskiy,Сонные Сказки,Илья Славицкий,7–12 лет,"Moskva Moscow, Russia",https://n-e-n.ru/knigi/kniga/sonnye-skazki-slavitskiy/
сонные сказки,"одно название — проверить, одно ли это произведение",sonnye-skazki,Сонные сказки,Елена Ульева,2–4 года,Clever,https://n-e-n.ru/knigi/kniga/sonnye-skazki/
сонные сказки,"одно название — проверить, одно ли это произведение",sonnye-skazki-gregori,Сонные сказки,Элис Грегори,3–6 лет,МИФ.Детство,https://n-e-n.ru/knigi/kniga/sonnye-skazki-gregori/
три медведя,"одно название — проверить, одно ли это произведение",tri-medvedya-kotyatova,Три медведя,Н. И. Котятова; Т. В. Баринова,7–12 лет,,https://n-e-n.ru/knigi/kniga/tri-medvedya-kotyatova/
три медведя,"одно название — проверить, одно ли это произведение",tri-medvedya,Три медведя,Лев Толстой,2–6 лет,Мелик-Пашаев,https://n-e-n.ru/knigi/kniga/tri-medvedya/
петя и потап,"одно произведение, разные издания",petya-i-potap-chizhikov,Петя и Потап,Виктор Чижиков,6–11 лет,Дрофа,https://n-e-n.ru/knigi/kniga/petya-i-potap-chizhikov/
петя и потап,"одно произведение, разные издания",petya-i-potap,Петя и Потап,Виктор Чижиков,4–6 лет,Мелик-Пашаев,https://n-e-n.ru/knigi/kniga/petya-i-potap/
подвиги геракла,"одно название — проверить, одно ли это произведение",podvigi-gerakla,Подвиги Геракла,Екатерина Неволина,7–12 лет,Белый город,https://n-e-n.ru/knigi/kniga/podvigi-gerakla/
подвиги геракла,"одно название — проверить, одно ли это произведение",podvigi-gerakla-il-a-vlasovoy,Подвиги Геракла,Николай Кун,10–11 лет,Эксмо,https://n-e-n.ru/knigi/kniga/podvigi-gerakla-il-a-vlasovoy/
басни,"одно название — проверить, одно ли это произведение",basni,Басни,Сергей Михалков,6–11 лет,Детская литература,https://n-e-n.ru/knigi/kniga/basni/
басни,"одно название — проверить, одно ли это произведение",basni-krylov,Басни,Иван Крылов,6–12 лет,Эксмо,https://n-e-n.ru/knigi/kniga/basni-krylov/
беглецы,"одно название — проверить, одно ли это произведение",begletsy-stark,Беглецы,Ульф Старк,9–13 лет,Белая ворона,https://n-e-n.ru/knigi/kniga/begletsy-stark/
беглецы,"одно название — проверить, одно ли это произведение",begletsy,Беглецы,Фиона Шоу,12–17 лет,КомпасГид,https://n-e-n.ru/knigi/kniga/begletsy/
город солнца книга 4 сердце мглы,"одно произведение, разные издания",gorod-solntsa-kniga-4-serdtse-mgly-2-e-izd,Город Солнца. Книга 4. Сердце мглы,Евгений Рудашевский,12–17 лет,КомпасГид,https://n-e-n.ru/knigi/kniga/gorod-solntsa-kniga-4-serdtse-mgly-2-e-izd/
город солнца книга 4 сердце мглы,"одно произведение, разные издания",gorod-solntsa-kniga-4-serdtse-mgly,Город Солнца. Книга 4. Сердце мглы,Евгений Рудашевский,13–17 лет,КомпасГид,https://n-e-n.ru/knigi/kniga/gorod-solntsa-kniga-4-serdtse-mgly/
снеговик,"одно название — проверить, одно ли это произведение",snegovik-morpurgo,Снеговик,Майкл Морпурго,7–9 лет,Поляндрия,https://n-e-n.ru/knigi/kniga/snegovik-morpurgo/
снеговик,"одно название — проверить, одно ли это произведение",snegovik,Снеговик,Рэймонд Бриггс,3–7 лет,Поляндрия,https://n-e-n.ru/knigi/kniga/snegovik/
книжки картинки самый лучший друг,"одно название — проверить, одно ли это произведение",knizhki-kartinki-samyy-luchshiy-drug,Книжки-картинки. Самый лучший друг,Мелани Браумэрт,3–5 лет,Clever,https://n-e-n.ru/knigi/kniga/knizhki-kartinki-samyy-luchshiy-drug/
книжки картинки самый лучший друг,"одно название — проверить, одно ли это произведение",knizhki-kartinki-samyy-luchshiy-drug-norbert,Книжки-картинки. Самый лучший друг!,Норберт Ланда,2–4 года,Clever,https://n-e-n.ru/knigi/kniga/knizhki-kartinki-samyy-luchshiy-drug-norbert/
алиса в стране чудес,"одно произведение, разные издания",alisa-v-strane-chudes-illyustratsii-ha-chang-tahtag,Алиса в Стране чудес,Льюис Кэрролл,6–10 лет,МИФ.Детство,https://n-e-n.ru/knigi/kniga/alisa-v-strane-chudes-illyustratsii-ha-chang-tahtag/
алиса в стране чудес,"одно произведение, разные издания",alisa-v-strane-chudes,Алиса в Стране чудес,Льюис Кэрролл,7–12 лет,МИФ.Детство,https://n-e-n.ru/knigi/kniga/alisa-v-strane-chudes/
снежная королева,"одно произведение, разные издания",snezhnaya-koroleva-illyustratsii-oksany-viktorovoy,Снежная королева,Ханс Кристиан Андерсен,7–12 лет,МИФ.Детство,https://n-e-n.ru/knigi/kniga/snezhnaya-koroleva-illyustratsii-oksany-viktorovoy/
снежная королева,"одно произведение, разные издания",snezhnaya-koroleva-il-martiny-peluzo,Снежная королева,Ханс Кристиан Андерсен,7–12 лет,Эксмо,https://n-e-n.ru/knigi/kniga/snezhnaya-koroleva-il-martiny-peluzo/
хроники нарнии,"одно произведение, разные издания",hroniki-narnii-il-p-beyns,Хроники Нарнии,Клайв Стейплз Льюис,7–12 лет,Эксмо,https://n-e-n.ru/knigi/kniga/hroniki-narnii-il-p-beyns/
хроники нарнии,"одно произведение, разные издания",hroniki-narnii-il-p-beyns-sin,Хроники Нарнии,Клайв Стейплз Льюис,7–12 лет,Эксмо,https://n-e-n.ru/knigi/kniga/hroniki-narnii-il-p-beyns-sin/
приключения барона мюнхгаузена,"одно произведение, разные издания",priklyucheniya-barona-myunhgauzena-il-i-egunova,Приключения барона Мюнхгаузена,Рудольф Эрих Распе,9–12 лет,Эксмо,https://n-e-n.ru/knigi/kniga/priklyucheniya-barona-myunhgauzena-il-i-egunova/
приключения барона мюнхгаузена,"одно произведение, разные издания",priklyucheniya-barona-myunhgauzena-il-n-ustinova,Приключения барона Мюнхгаузена,Рудольф Эрих Распе,7–12 лет,Эксмо,https://n-e-n.ru/knigi/kniga/priklyucheniya-barona-myunhgauzena-il-n-ustinova/
конек горбунок,"одно произведение, разные издания",konek-gorbunok-il-i-egunova,Конек-горбунок,Пётр Ершов,7–12 лет,Эксмо,https://n-e-n.ru/knigi/kniga/konek-gorbunok-il-i-egunova/
конек горбунок,"одно произведение, разные издания",konek-gorbunok-il-a-eliseeva,Конек-горбунок,Пётр Ершов,7–12 лет,Эксмо,https://n-e-n.ru/knigi/kniga/konek-gorbunok-il-a-eliseeva/
