slug,title,sensitive_topics,add_themes,remove_themes,url
451-gradus-po-farengeytu,451 градус по Фаренгейту,суицид; война; насилие,,,https://nancykhacha.github.io/knigi/kniga/451-gradus-po-farengeytu/
7-hrustalnyh-sharov,7 хрустальных шаров,страшные сцены,,,https://nancykhacha.github.io/knigi/kniga/7-hrustalnyh-sharov/
adel-blan-sek-neobyknovennye-priklyucheniya-t-2-kn-4-6,Адель Блан-Сек. Необыкновенные приключения. Т.2 кн. 4-6,насилие; страшные сцены,,,https://nancykhacha.github.io/knigi/kniga/adel-blan-sek-neobyknovennye-priklyucheniya-t-2-kn-4-6/
akuly-krasnogo-morya,Акулы Красного моря,устаревшие взгляды,,,https://nancykhacha.github.io/knigi/kniga/akuly-krasnogo-morya/
alma-neotrazimaya,Альма. Неотразимая,насилие; дискриминация,,,https://nancykhacha.github.io/knigi/kniga/alma-neotrazimaya/
alma-svoboda,Альма. Свобода,насилие; дискриминация,,,https://nancykhacha.github.io/knigi/kniga/alma-svoboda/
alma-veter-krepchaet,Альма. Ветер крепчает,насилие; дискриминация,,,https://nancykhacha.github.io/knigi/kniga/alma-veter-krepchaet/
alye-parusa,Алые паруса,смерть; буллинг; бедность и голод,,,https://nancykhacha.github.io/knigi/kniga/alye-parusa/
amerikanets-kitayskogo-proishozhdeniya,Американец китайского происхождения,буллинг; дискриминация,,,https://nancykhacha.github.io/knigi/kniga/amerikanets-kitayskogo-proishozhdeniya/
amulet-hranitelnitsa-kamnya,Амулет. Хранительница камня,смерть; страшные сцены,,,https://nancykhacha.github.io/knigi/kniga/amulet-hranitelnitsa-kamnya/
angel-s-chertova-ostrova,Ангел с Чертова острова,развод родителей,,,https://nancykhacha.github.io/knigi/kniga/angel-s-chertova-ostrova/
anya-iz-zelenyh-mezoninov,Аня из Зеленых Мезонинов,смерть; сиротство,,,https://nancykhacha.github.io/knigi/kniga/anya-iz-zelenyh-mezoninov/
banda-iz-leyptsiga,Банда из Лейпцига,Холокост и репрессии,,,https://nancykhacha.github.io/knigi/kniga/banda-iz-leyptsiga/
banka-so-svetlyachkami,Банка со светлячками,домашнее насилие,,,https://nancykhacha.github.io/knigi/kniga/banka-so-svetlyachkami/
bdv-ili-bolshoy-i-dobryy-velikan,"БДВ, или Большой и Добрый Великан",сиротство,,,https://nancykhacha.github.io/knigi/kniga/bdv-ili-bolshoy-i-dobryy-velikan/
begletsy,Беглецы,тяжелая болезнь,,,https://nancykhacha.github.io/knigi/kniga/begletsy/
begletsy-stark,Беглецы,тяжелая болезнь; смерть,смерть,,https://nancykhacha.github.io/knigi/kniga/begletsy-stark/
beleet-parus-odinokiy,Белеет парус одинокий,насилие,,,https://nancykhacha.github.io/knigi/kniga/beleet-parus-odinokiy/
beleet-parus-odinokiy-kataev,Белеет парус одинокий,насилие,,,https://nancykhacha.github.io/knigi/kniga/beleet-parus-odinokiy-kataev/
belogrudka,Белогрудка,жестокость к животным,,,https://nancykhacha.github.io/knigi/kniga/belogrudka/
belyy-klyk,Белый Клык,насилие; жестокость к животным,,,https://nancykhacha.github.io/knigi/kniga/belyy-klyk/
bembi-il-din-syaozhun,Бемби,смерть; жестокость к животным,смерть,,https://nancykhacha.github.io/knigi/kniga/bembi-il-din-syaozhun/
bereg-mertvyh-nezabudok,Берег мертвых незабудок,смерть,,,https://nancykhacha.github.io/knigi/kniga/bereg-mertvyh-nezabudok/
bertik-i-chmuh,Бертик и Чмух,развод родителей,развод родителей,,https://nancykhacha.github.io/knigi/kniga/bertik-i-chmuh/
beskonechnaya-istoriya,Бесконечная история,смерть; буллинг,,,https://nancykhacha.github.io/knigi/kniga/beskonechnaya-istoriya/
bezdna-chellendzhera,Бездна Челленджера,психические расстройства,,,https://nancykhacha.github.io/knigi/kniga/bezdna-chellendzhera/
biblioteka-priklyucheniy-myagkaya-oblozhka-robinzon-kruzo,Библиотека приключений (мягкая обложка). Робинзон Крузо,насилие; устаревшие взгляды,,,https://nancykhacha.github.io/knigi/kniga/biblioteka-priklyucheniy-myagkaya-oblozhka-robinzon-kruzo/
biblioteka-priklyucheniy-ostrov-sokrovisch,Библиотека приключений. Остров сокровищ,насилие; смерть,,,https://nancykhacha.github.io/knigi/kniga/biblioteka-priklyucheniy-ostrov-sokrovisch/
biblioteka-priklyucheniy-robinzon-kruzo,Библиотека приключений. Робинзон Крузо,насилие; устаревшие взгляды,,,https://nancykhacha.github.io/knigi/kniga/biblioteka-priklyucheniy-robinzon-kruzo/
billi-i-knopy,Билли и кнопы,страшные сцены,,,https://nancykhacha.github.io/knigi/kniga/billi-i-knopy/
bogi-kak-lyudi-kniga-1-krugi-na-vode,Боги как люди. Книга 1. Круги на воде,,,война,https://nancykhacha.github.io/knigi/kniga/bogi-kak-lyudi-kniga-1-krugi-na-vode/
bolnitsa-dlya-dinozavrov-mezozoyskie-istorii,Больница для динозавров: мезозойские истории,,,смерть,https://nancykhacha.github.io/knigi/kniga/bolnitsa-dlya-dinozavrov-mezozoyskie-istorii/
bolshoy-i-dobryy-velikan,Большой и Добрый Великан,страшные сцены; сиротство,,,https://nancykhacha.github.io/knigi/kniga/bolshoy-i-dobryy-velikan/
bombochkoy-ne-prygat,Бомбочкой не прыгать!,,инклюзия,,https://nancykhacha.github.io/knigi/kniga/bombochkoy-ne-prygat/
borodino-stihotvoreniya-i-poemy-il-n-gavritskova,Бородино. Стихотворения и поэмы,война; смерть,война,,https://nancykhacha.github.io/knigi/kniga/borodino-stihotvoreniya-i-poemy-il-n-gavritskova/
brat-drakona,Брат дракона,тяжелая болезнь,инклюзия,,https://nancykhacha.github.io/knigi/kniga/brat-drakona/
bred-kakoy-to,Бред какой-то!,смерть,смерть,,https://nancykhacha.github.io/knigi/kniga/bred-kakoy-to/
bumazhnyy-zmey,Бумажный змей,,,война,https://nancykhacha.github.io/knigi/kniga/bumazhnyy-zmey/
burya-i-chudnoy-otryad,Буря и чудной отряд,,,буллинг,https://nancykhacha.github.io/knigi/kniga/burya-i-chudnoy-otryad/
charli-i-bolshoy-steklyannyy-lift,Чарли и большой стеклянный лифт,страшные сцены; устаревшие взгляды,,,https://nancykhacha.github.io/knigi/kniga/charli-i-bolshoy-steklyannyy-lift/
charli-i-shokoladnaya-fabrika,Чарли и шоколадная фабрика,бедность и голод,,,https://nancykhacha.github.io/knigi/kniga/charli-i-shokoladnaya-fabrika/
cherez-granitsu,Через границу,война; Холокост и репрессии,,,https://nancykhacha.github.io/knigi/kniga/cherez-granitsu/
chernilnoe-serdtse,Чернильное сердце,насилие,,,https://nancykhacha.github.io/knigi/kniga/chernilnoe-serdtse/
chernyy-pes,Чёрный пёс,,страх,,https://nancykhacha.github.io/knigi/kniga/chernyy-pes/
chuchelo,Чучело,буллинг,буллинг,,https://nancykhacha.github.io/knigi/kniga/chuchelo/
chudo,Чудо,смерть; буллинг; дискриминация,буллинг; инклюзия,,https://nancykhacha.github.io/knigi/kniga/chudo/
clever-chtenie-lavanda-blu-priklyucheniya-v-volshebnom-lesu,CLEVER-чтение. Лаванда Блу. Приключения в волшебном лесу,смерть,,,https://nancykhacha.github.io/knigi/kniga/clever-chtenie-lavanda-blu-priklyucheniya-v-volshebnom-lesu/
clever-chtenie-sekret-v-chemodane,CLEVER-чтение. Секрет в чемодане,тяжелая болезнь,,,https://nancykhacha.github.io/knigi/kniga/clever-chtenie-sekret-v-chemodane/
daresh-dolina-holodnogo-ognya-2,Дареш. Долина Холодного огня,,,буллинг; смерть,https://nancykhacha.github.io/knigi/kniga/daresh-dolina-holodnogo-ognya-2/
dashenka-ili-istoriya-schenyachey-zhizni,"Дашенька, или История щенячьей жизни",,,война,https://nancykhacha.github.io/knigi/kniga/dashenka-ili-istoriya-schenyachey-zhizni/
davay-igrat,Давай играть,смерть; страшные сцены,страх,,https://nancykhacha.github.io/knigi/kniga/davay-igrat/
dayuschiy,Дающий,насилие; смерть,,,https://nancykhacha.github.io/knigi/kniga/dayuschiy/
den-chisla-pi,День числа Пи,буллинг,,,https://nancykhacha.github.io/knigi/kniga/den-chisla-pi/
desyat-dney-do-kontsa-sveta,Десять дней до конца света,насилие; смерть,,,https://nancykhacha.github.io/knigi/kniga/desyat-dney-do-kontsa-sveta/
detektiv-iz-robloks-mezhdu-mirami-kniga-6,Детектив из Роблокс. Между мирами. Книга 6,,,война,https://nancykhacha.github.io/knigi/kniga/detektiv-iz-robloks-mezhdu-mirami-kniga-6/
detektivy-lili-i-zelda-delo-o-propavshem-zaveschanii,Детективы Лили и Зельда. Дело о пропавшем завещании,смерть; насилие,смерть,,https://nancykhacha.github.io/knigi/kniga/detektivy-lili-i-zelda-delo-o-propavshem-zaveschanii/
deti-kapitana-granta,Дети капитана Гранта,устаревшие взгляды,,,https://nancykhacha.github.io/knigi/kniga/deti-kapitana-granta/
deti-lesa-sekret-sfinksa-5,Дети леса. Секрет сфинкса,,,смерть,https://nancykhacha.github.io/knigi/kniga/deti-lesa-sekret-sfinksa-5/
deti-morya-opasnye-volny-3,Дети моря. Опасные волны,жестокость к животным,,,https://nancykhacha.github.io/knigi/kniga/deti-morya-opasnye-volny-3/
deti-morya-vodnyy-zagovor-2,Дети моря. Водный заговор,жестокость к животным,,,https://nancykhacha.github.io/knigi/kniga/deti-morya-vodnyy-zagovor-2/
deti-vorona,Дети ворона,Холокост и репрессии; сиротство,,,https://nancykhacha.github.io/knigi/kniga/deti-vorona/
devochka-kotoraya-menyala-sudbu,"Девочка, которая меняла судьбу",развод родителей,развод родителей,,https://nancykhacha.github.io/knigi/kniga/devochka-kotoraya-menyala-sudbu/
devochka-s-lisim-hvostom-tom-3,Девочка с лисьим хвостом. Том 3,буллинг,,война,https://nancykhacha.github.io/knigi/kniga/devochka-s-lisim-hvostom-tom-3/
devyatnadtsat-minut,Девятнадцать минут,насилие; суицид; смерть; буллинг; откровенные сцены,буллинг,,https://nancykhacha.github.io/knigi/kniga/devyatnadtsat-minut/
dnevnik-bekona-iz-robloks-krovatnye-boyni-kniga-2,Дневник Бекона из Роблокс. Кроватные бойни. Книга 2,,,война,https://nancykhacha.github.io/knigi/kniga/dnevnik-bekona-iz-robloks-krovatnye-boyni-kniga-2/
dnevnik-bekona-iz-robloks-pyatnitsa-koshmarnitsa-kniga-3,Дневник Бекона из Роблокс. Пятница-кошмарница. Книга 3,страшные сцены,,,https://nancykhacha.github.io/knigi/kniga/dnevnik-bekona-iz-robloks-pyatnitsa-koshmarnitsa-kniga-3/
dnevnik-propavshey-sestry-1-novoe-oformlenie,Дневник пропавшей сестры (#1) (Новое оформление),смерть,,,https://nancykhacha.github.io/knigi/kniga/dnevnik-propavshey-sestry-1-novoe-oformlenie/
dolgaya-zima,Долгая зима,бедность и голод,,,https://nancykhacha.github.io/knigi/kniga/dolgaya-zima/
dolgiy-put-vniz,Долгий путь вниз,насилие; смерть,смерть,,https://nancykhacha.github.io/knigi/kniga/dolgiy-put-vniz/
dom-kotoryy-poshel,"Дом, который пошёл",устаревшие взгляды,,,https://nancykhacha.github.io/knigi/kniga/dom-kotoryy-poshel/
dom-v-kotorom,"Дом, в котором…",насилие; смерть; самоповреждение; алкоголь и наркотики; буллинг,инклюзия,,https://nancykhacha.github.io/knigi/kniga/dom-v-kotorom/
dom-za-radugoy,Дом за радугой,смерть,,,https://nancykhacha.github.io/knigi/kniga/dom-za-radugoy/
dragotsennosti-kastafore,Драгоценности Кастафьоре,дискриминация,,,https://nancykhacha.github.io/knigi/kniga/dragotsennosti-kastafore/
dve-zimy,Две зимы,сиротство,,,https://nancykhacha.github.io/knigi/kniga/dve-zimy/
dzhagger-dzhagger,"Джаггер, Джаггер!",буллинг,буллинг,,https://nancykhacha.github.io/knigi/kniga/dzhagger-dzhagger/
dzheyms-i-chudo-persik,Джеймс и Чудо-Персик,домашнее насилие; сиротство,,смерть,https://nancykhacha.github.io/knigi/kniga/dzheyms-i-chudo-persik/
dzheyn-lisa-i-ya,"Джейн, лиса и я",буллинг; дискриминация,буллинг,,https://nancykhacha.github.io/knigi/kniga/dzheyn-lisa-i-ya/
dzheyn-lisa-i-ya-britt,"Джейн, лиса и я",буллинг,буллинг,,https://nancykhacha.github.io/knigi/kniga/dzheyn-lisa-i-ya-britt/
dzhuliya-i-akula,Джулия и акула,психические расстройства,,,https://nancykhacha.github.io/knigi/kniga/dzhuliya-i-akula/
edinorog-v-kostyume-dinozavra-skazka-o-tom-kak-vazhno-byt-soboy,"Единорог в костюме динозавра. Сказка о том, как важно быть собой",,,война,https://nancykhacha.github.io/knigi/kniga/edinorog-v-kostyume-dinozavra-skazka-o-tom-kak-vazhno-byt-soboy/
edyat-li-pokoyniki-torty-s-klubnikoy,Едят ли покойники торты с клубникой?,смерть,,,https://nancykhacha.github.io/knigi/kniga/edyat-li-pokoyniki-torty-s-klubnikoy/
eleanor-i-park,Элеанор и Парк,сексуальное насилие; домашнее насилие; алкоголь и наркотики; буллинг; ненормативная лексика,,,https://nancykhacha.github.io/knigi/kniga/eleanor-i-park/
enn-iz-zelenyh-mezoninov,Энн из Зелёных Мезонинов,смерть; сиротство,,,https://nancykhacha.github.io/knigi/kniga/enn-iz-zelenyh-mezoninov/
esli-hochesh-byt-krasivym-entsiklopediya-hoteniy,Если хочешь быть красивым. Энциклопедия хотений,,,смерть,https://nancykhacha.github.io/knigi/kniga/esli-hochesh-byt-krasivym-entsiklopediya-hoteniy/
flon-flon-i-myuzett,Флон-Флон и Мюзетт,война,,,https://nancykhacha.github.io/knigi/kniga/flon-flon-i-myuzett/
fonarik-lilka-2-e-izd,Фонарик Лилька,буллинг,,,https://nancykhacha.github.io/knigi/kniga/fonarik-lilka-2-e-izd/
formula-z,Формула Z,страшные сцены,страх,,https://nancykhacha.github.io/knigi/kniga/formula-z/
fotografii-na-pamyat-sbornik,Фотографии на память (Сборник),война; дискриминация,,,https://nancykhacha.github.io/knigi/kniga/fotografii-na-pamyat-sbornik/
fridrih-lvinyy-zev-verhom-na-shmele,Фридрих Львиный Зев. Верхом на шмеле,,,война,https://nancykhacha.github.io/knigi/kniga/fridrih-lvinyy-zev-verhom-na-shmele/
frosya-korovina,Фрося Коровина,сиротство,,,https://nancykhacha.github.io/knigi/kniga/frosya-korovina/
gadkiy-utenok,Гадкий утёнок,буллинг,буллинг,,https://nancykhacha.github.io/knigi/kniga/gadkiy-utenok/
garri-potter-i-filosofskiy-kamen,Гарри Поттер и философский камень,домашнее насилие; сиротство,,,https://nancykhacha.github.io/knigi/kniga/garri-potter-i-filosofskiy-kamen/
gde-net-zimy,Где нет зимы,смерть; сиротство,,,https://nancykhacha.github.io/knigi/kniga/gde-net-zimy/
gips,Гипс,развод родителей,,,https://nancykhacha.github.io/knigi/kniga/gips/
glaz-volka,Глаз волка,сиротство,,,https://nancykhacha.github.io/knigi/kniga/glaz-volka/
golodnye-igry,Голодные игры,насилие; смерть; психические расстройства; бедность и голод,,,https://nancykhacha.github.io/knigi/kniga/golodnye-igry/
golos-dotsuk,Голос,насилие; психические расстройства,,,https://nancykhacha.github.io/knigi/kniga/golos-dotsuk/
golos-monstra,Голос монстра,смерть; тяжелая болезнь; буллинг; развод родителей,смерть,,https://nancykhacha.github.io/knigi/kniga/golos-monstra/
golubi-uleteli,Голуби улетели,домашнее насилие; сиротство,,,https://nancykhacha.github.io/knigi/kniga/golubi-uleteli/
gore-ot-uma,Горе от ума,,,смерть,https://nancykhacha.github.io/knigi/kniga/gore-ot-uma/
gorod-solntsa-kniga-1-glaza-smerti,Город Солнца. Книга 1. Глаза смерти,,,смерть,https://nancykhacha.github.io/knigi/kniga/gorod-solntsa-kniga-1-glaza-smerti/
gorod-solntsa-kniga-4-serdtse-mgly,Город Солнца. Книга 4. Сердце мглы,смерть,,,https://nancykhacha.github.io/knigi/kniga/gorod-solntsa-kniga-4-serdtse-mgly/
gorod-solntsa-kniga-4-serdtse-mgly-2-e-izd,Город Солнца. Книга 4. Сердце мглы,смерть,,,https://nancykhacha.github.io/knigi/kniga/gorod-solntsa-kniga-4-serdtse-mgly-2-e-izd/
gorod-solntsa-v-2-tomah-tom-2-myagkaya-oblozhka,Город Солнца в 2 томах. Том 2 (мягкая обложка),смерть,,,https://nancykhacha.github.io/knigi/kniga/gorod-solntsa-v-2-tomah-tom-2-myagkaya-oblozhka/
gorodskie-legendy,Городские легенды,страшные сцены,страх,,https://nancykhacha.github.io/knigi/kniga/gorodskie-legendy/
govori,Говори,сексуальное насилие; самоповреждение; психические расстройства; буллинг,,,https://nancykhacha.github.io/knigi/kniga/govori/
greys-prodelki-ozornoy-printsessy,Грейс. Проделки озорной принцессы,,,смерть,https://nancykhacha.github.io/knigi/kniga/greys-prodelki-ozornoy-printsessy/
grizli-il-v-kanivtsa,Гризли,жестокость к животным,,,https://nancykhacha.github.io/knigi/kniga/grizli-il-v-kanivtsa/
gud-bay-berlin,"Гуд бай, Берлин!",алкоголь и наркотики; ненормативная лексика,,,https://nancykhacha.github.io/knigi/kniga/gud-bay-berlin/
haydi,Хайди,сиротство,,,https://nancykhacha.github.io/knigi/kniga/haydi/
heytery,Хейтеры,откровенные сцены; ненормативная лексика,,,https://nancykhacha.github.io/knigi/kniga/heytery/
hobbit-ili-tuda-i-obratno,"Хоббит, или Туда и обратно",насилие; смерть,,,https://nancykhacha.github.io/knigi/kniga/hobbit-ili-tuda-i-obratno/
hram-solntsa,Храм Солнца,устаревшие взгляды,,,https://nancykhacha.github.io/knigi/kniga/hram-solntsa/
hroniki-narnii-il-p-beyns,Хроники Нарнии,война; смерть; устаревшие взгляды,,,https://nancykhacha.github.io/knigi/kniga/hroniki-narnii-il-p-beyns/
hroniki-narnii-il-p-beyns-sin,Хроники Нарнии,война; смерть; устаревшие взгляды,,,https://nancykhacha.github.io/knigi/kniga/hroniki-narnii-il-p-beyns-sin/
i-pro-tebya-tam-napisano,И про тебя там написано,ненормативная лексика,,смерть,https://nancykhacha.github.io/knigi/kniga/i-pro-tebya-tam-napisano/
inktober-mesyats-peremen,Инктобер. Месяц перемен,буллинг,,,https://nancykhacha.github.io/knigi/kniga/inktober-mesyats-peremen/
insu-pu-ostrov-poteryannyh-detey,Инсу-пу: остров потерянных детей,война; бедность и голод,,,https://nancykhacha.github.io/knigi/kniga/insu-pu-ostrov-poteryannyh-detey/
istorii-dyadyushki-duba-kniga-2-serdtse,Истории Дядюшки Дуба. Книга 2. Сердце,тяжелая болезнь,,,https://nancykhacha.github.io/knigi/kniga/istorii-dyadyushki-duba-kniga-2-serdtse/
istoriya-pobedy-a-zori-zdes-tihie-zavtra-byla-voyna-luchshie-knigi-k-80,История Победы. А зори здесь тихие. Завтра была война. Лучшие книги к 80-летию победы,война; смерть; суицид; Холокост и репрессии; насилие,смерть,,https://nancykhacha.github.io/knigi/kniga/istoriya-pobedy-a-zori-zdes-tihie-zavtra-byla-voyna-luchshie-knigi-k-80/
istoriya-pobedy-alpiyskaya-ballada-sotnikov,История Победы. Альпийская баллада. Сотников,война; насилие; смерть; откровенные сцены,,,https://nancykhacha.github.io/knigi/kniga/istoriya-pobedy-alpiyskaya-ballada-sotnikov/
istoriya-pobedy-ulitsa-mladshego-syna,История Победы. Улица младшего сына,война; смерть,,,https://nancykhacha.github.io/knigi/kniga/istoriya-pobedy-ulitsa-mladshego-syna/
istoriya-pobedy-voennaya-tayna-golubaya-chashka-timur-i-ego-komanda,История Победы. Военная тайна. Голубая чашка. Тимур и его команда. Чук и Гек.,смерть; насилие; война,,,https://nancykhacha.github.io/knigi/kniga/istoriya-pobedy-voennaya-tayna-golubaya-chashka-timur-i-ego-komanda/
istoriya-s-kladbischem,История с кладбищем,насилие; смерть; сиротство; страшные сцены,смерть,,https://nancykhacha.github.io/knigi/kniga/istoriya-s-kladbischem/
istoriya-severnogo-kruga,История Северного круга,тяжелая болезнь,,смерть,https://nancykhacha.github.io/knigi/kniga/istoriya-severnogo-kruga/
k-nebesam,К небесам,смерть,смерть,,https://nancykhacha.github.io/knigi/kniga/k-nebesam/
kak-gitler-ukral-rozovogo-krolika-2-e-izdanie,Как Гитлер украл розового кролика,Холокост и репрессии,,,https://nancykhacha.github.io/knigi/kniga/kak-gitler-ukral-rozovogo-krolika-2-e-izdanie/
kak-ya-teper-zhivu,Как я теперь живу,война; насилие; самоповреждение; откровенные сцены,война,,https://nancykhacha.github.io/knigi/kniga/kak-ya-teper-zhivu/
kamen-nozhnitsy-bumaga,"Камень, ножницы, бумага",Холокост и репрессии; насилие,,,https://nancykhacha.github.io/knigi/kniga/kamen-nozhnitsy-bumaga/
kanikuly-u-dinozavrov-dinozavry-v-akvaparke,Каникулы у динозавров. Динозавры в аквапарке,,,развод родителей,https://nancykhacha.github.io/knigi/kniga/kanikuly-u-dinozavrov-dinozavry-v-akvaparke/
kashtanka,Каштанка,жестокость к животным,,,https://nancykhacha.github.io/knigi/kniga/kashtanka/
kashtanka-i-drugie-rasskazy-vneklassnoe-chtenie,Каштанка и другие рассказы,домашнее насилие; смерть; сиротство,,,https://nancykhacha.github.io/knigi/kniga/kashtanka-i-drugie-rasskazy-vneklassnoe-chtenie/
kevin,Кевин,,,война,https://nancykhacha.github.io/knigi/kniga/kevin/
klan-volkov-1,Клан волков,,,война,https://nancykhacha.github.io/knigi/kniga/klan-volkov-1/
kniga-vseh-veschey,Книга всех вещей,домашнее насилие,,,https://nancykhacha.github.io/knigi/kniga/kniga-vseh-veschey/
knizhki-kartinki-malyshka-pyshka-i-testotryasenie,Книжки-картинки. Малышка Пышка и тестотрясение,буллинг; дискриминация,буллинг,,https://nancykhacha.github.io/knigi/kniga/knizhki-kartinki-malyshka-pyshka-i-testotryasenie/
knizhki-kartinki-myagkaya-oblozhka-malyshka-pyshka-i-testotryasenie,Книжки-картинки (мягкая обложка). Малышка Пышка и тестотрясение,буллинг; дискриминация,буллинг,,https://nancykhacha.github.io/knigi/kniga/knizhki-kartinki-myagkaya-oblozhka-malyshka-pyshka-i-testotryasenie/
knizhnyy-vor,Книжный вор,война; Холокост и репрессии; смерть,война; смерть,,https://nancykhacha.github.io/knigi/kniga/knizhnyy-vor/
kogda-moy-papa-stal-kustom,Когда мой папа стал кустом,война,война,,https://nancykhacha.github.io/knigi/kniga/kogda-moy-papa-stal-kustom/
koralina,Коралина,страшные сцены,страх,,https://nancykhacha.github.io/knigi/kniga/koralina/
korolevishny-3kolbaski,Королевишны #3Колбаски,буллинг; дискриминация,,,https://nancykhacha.github.io/knigi/kniga/korolevishny-3kolbaski/
korolevstvo-kraeugolnogo-kamnya-otvaga-kniga-4,Королевство Краеугольного Камня. Отвага. Книга 4,смерть; насилие,,,https://nancykhacha.github.io/knigi/kniga/korolevstvo-kraeugolnogo-kamnya-otvaga-kniga-4/
korolevstvo-kraeugolnogo-kamnya-pervenitsy-maya-kniga-2,Королевство Краеугольного Камня. Первеницы мая. Книга 2,дискриминация; бедность и голод,,,https://nancykhacha.github.io/knigi/kniga/korolevstvo-kraeugolnogo-kamnya-pervenitsy-maya-kniga-2/
korolevstvo-kraeugolnogo-kamnya-proschanie-kniga-3,Королевство Краеугольного Камня. Прощание. Книга 3,смерть,,,https://nancykhacha.github.io/knigi/kniga/korolevstvo-kraeugolnogo-kamnya-proschanie-kniga-3/
kortik,Кортик,война; насилие,,,https://nancykhacha.github.io/knigi/kniga/kortik/
koshachiy-cherdak,Кошачий чердак,война; бедность и голод,,,https://nancykhacha.github.io/knigi/kniga/koshachiy-cherdak/
koshmarius-i-ischeznuvshee-zele-1,Кошмариус и исчезнувшее зелье,,,смерть,https://nancykhacha.github.io/knigi/kniga/koshmarius-i-ischeznuvshee-zele-1/
kovcheg-othodit-rovno-v-vosem,Ковчег отходит ровно в восемь,,,смерть,https://nancykhacha.github.io/knigi/kniga/kovcheg-othodit-rovno-v-vosem/
krab-s-zolotymi-kleshnyami,Краб с золотыми клешнями,алкоголь и наркотики,,,https://nancykhacha.github.io/knigi/kniga/krab-s-zolotymi-kleshnyami/
krabat-ili-legendy-staroy-melnitsy,"Крабат, или Легенды старой мельницы",смерть; сиротство; страшные сцены,,,https://nancykhacha.github.io/knigi/kniga/krabat-ili-legendy-staroy-melnitsy/
kradenyy-gorod,Краденый город,война; смерть; бедность и голод; сиротство,,,https://nancykhacha.github.io/knigi/kniga/kradenyy-gorod/
kroshka-enot-i-tot-kto-sidit-v-prudu,"Крошка Енот и Тот, кто сидит в пруду",,,смерть,https://nancykhacha.github.io/knigi/kniga/kroshka-enot-i-tot-kto-sidit-v-prudu/
krossover,Кроссовер,смерть; тяжелая болезнь,смерть,,https://nancykhacha.github.io/knigi/kniga/krossover/
krupnaya-kost-zefirnyy-zhora,Крупная кость/Зефирный Жора,,тело,,https://nancykhacha.github.io/knigi/kniga/krupnaya-kost-zefirnyy-zhora/
krylatye-sandalii,Крылатые сандалии,война; смерть,,,https://nancykhacha.github.io/knigi/kniga/krylatye-sandalii/
kto-ubil-snezhka,Кто убил Снежка?,жестокость к животным,,,https://nancykhacha.github.io/knigi/kniga/kto-ubil-snezhka/
kuda-uhodit-kumutkan-brat-moy-bzou-sbornik,Куда уходит кумуткан. Брат мой Бзоу (сборник),война,,,https://nancykhacha.github.io/knigi/kniga/kuda-uhodit-kumutkan-brat-moy-bzou-sbornik/
lavka-straha,Лавка страха,страшные сцены,,,https://nancykhacha.github.io/knigi/kniga/lavka-straha/
legendy-i-mify-drevney-gretsii-bogi-i-geroi,Легенды и мифы Древней Греции. Боги и герои,насилие,,,https://nancykhacha.github.io/knigi/kniga/legendy-i-mify-drevney-gretsii-bogi-i-geroi/
leningradskie-skazki,Ленинградские сказки,война; Холокост и репрессии; смерть; сиротство; бедность и голод,война,,https://nancykhacha.github.io/knigi/kniga/leningradskie-skazki/
leopard-za-steklom,Леопард за стеклом,Холокост и репрессии,,,https://nancykhacha.github.io/knigi/kniga/leopard-za-steklom/
leto-v-mihaluvke-i-v-vilgelmuvke,Лето в Михалувке и в Вильгельмувке,,,война,https://nancykhacha.github.io/knigi/kniga/leto-v-mihaluvke-i-v-vilgelmuvke/
lev-koldunya-i-platyanoy-shkaf,"Лев, колдунья и платяной шкаф",насилие,,,https://nancykhacha.github.io/knigi/kniga/lev-koldunya-i-platyanoy-shkaf/
lichnoe-delo-saveliya-puzikova,Личное дело Савелия Пузикова,буллинг,,,https://nancykhacha.github.io/knigi/kniga/lichnoe-delo-saveliya-puzikova/
lidochka,Лидочка,война; смерть,,,https://nancykhacha.github.io/knigi/kniga/lidochka/
lisiy-plan-6,Лисий план,,,смерть,https://nancykhacha.github.io/knigi/kniga/lisiy-plan-6/
lovtsy-monstrov-prizrak-mrachnogo-doma,Ловцы монстров. Призрак Мрачного дома,сиротство,,,https://nancykhacha.github.io/knigi/kniga/lovtsy-monstrov-prizrak-mrachnogo-doma/
luchshee-lekarstvo,Лучшее лекарство,тяжелая болезнь,,смерть,https://nancykhacha.github.io/knigi/kniga/luchshee-lekarstvo/
lui-sredi-prizrakov,Луи среди призраков,алкоголь и наркотики; развод родителей,,,https://nancykhacha.github.io/knigi/kniga/lui-sredi-prizrakov/
madiken,Мадикен,бедность и голод,,,https://nancykhacha.github.io/knigi/kniga/madiken/
malchik-kotoryy-plaval-s-piranyami,"Мальчик, который плавал с пираньями",сиротство,,,https://nancykhacha.github.io/knigi/kniga/malchik-kotoryy-plaval-s-piranyami/
malchik-so-shpagoy,Мальчик со шпагой,насилие; буллинг,,,https://nancykhacha.github.io/knigi/kniga/malchik-so-shpagoy/
malenkaya-povest-o-lyubvi,Маленькая повесть о любви,война,,,https://nancykhacha.github.io/knigi/kniga/malenkaya-povest-o-lyubvi/
malenkaya-printsessa,Маленькая принцесса,смерть; сиротство; бедность и голод; устаревшие взгляды,,,https://nancykhacha.github.io/knigi/kniga/malenkaya-printsessa/
malenkie-zhenschiny,Маленькие женщины,война; тяжелая болезнь,,,https://nancykhacha.github.io/knigi/kniga/malenkie-zhenschiny/
malenkiy-domik-v-prerii,Маленький домик в прерии,устаревшие взгляды,,,https://nancykhacha.github.io/knigi/kniga/malenkiy-domik-v-prerii/
malenkiy-fermer,Маленький фермер,насилие,,,https://nancykhacha.github.io/knigi/kniga/malenkiy-fermer/
malenkiy-muk-i-drugie-skazki-il-m-mitrofanova,Маленький Мук и другие сказки,буллинг; страшные сцены,,,https://nancykhacha.github.io/knigi/kniga/malenkiy-muk-i-drugie-skazki-il-m-mitrofanova/
malenkiy-prints,Маленький принц,смерть,,,https://nancykhacha.github.io/knigi/kniga/malenkiy-prints/
malenkiy-prints-illyustratsii-ha-chang-tahtag,Маленький принц,смерть,,,https://nancykhacha.github.io/knigi/kniga/malenkiy-prints-illyustratsii-ha-chang-tahtag/
malenkiy-prints-ris-avtora-v-superoblozhke,Маленький принц (рис. автора) (в суперобложке),смерть,,,https://nancykhacha.github.io/knigi/kniga/malenkiy-prints-ris-avtora-v-superoblozhke/
malenkiy-prints-sent-ekzyuperi,Маленький принц,смерть,,,https://nancykhacha.github.io/knigi/kniga/malenkiy-prints-sent-ekzyuperi/
malysh-fyut,Малыш Фьють,война,,,https://nancykhacha.github.io/knigi/kniga/malysh-fyut/
marta-i-poltora-ubiystva,Марта и полтора убийства,насилие,,,https://nancykhacha.github.io/knigi/kniga/marta-i-poltora-ubiystva/
marta-s-cherepami,Марта с черепами,развод родителей,развод родителей,,https://nancykhacha.github.io/knigi/kniga/marta-s-cherepami/
matilda,Матильда,домашнее насилие; насилие,,,https://nancykhacha.github.io/knigi/kniga/matilda/
matilde,Матильде,Холокост и репрессии,,,https://nancykhacha.github.io/knigi/kniga/matilde/
milye-kosti,Милые кости,сексуальное насилие; насилие; смерть,смерть,,https://nancykhacha.github.io/knigi/kniga/milye-kosti/
mirella,Мирелла,сиротство; бедность и голод; страшные сцены,,,https://nancykhacha.github.io/knigi/kniga/mirella/
missiya-dikogo-robota,Миссия дикого робота,,,буллинг,https://nancykhacha.github.io/knigi/kniga/missiya-dikogo-robota/
moh-istoriya-odnogo-psa,Мох. История одного пса,война; Холокост и репрессии,,,https://nancykhacha.github.io/knigi/kniga/moh-istoriya-odnogo-psa/
moi-druzya-prizraki-2-e-izd,Мои друзья — призраки,буллинг,буллинг,,https://nancykhacha.github.io/knigi/kniga/moi-druzya-prizraki-2-e-izd/
morfir-bern,Морфир Бьёрн,страшные сцены,,смерть,https://nancykhacha.github.io/knigi/kniga/morfir-bern/
morskoy-ohotnik,Морской охотник,война,,,https://nancykhacha.github.io/knigi/kniga/morskoy-ohotnik/
most-v-terabitiyu,Мост в Терабитию,смерть,смерть,,https://nancykhacha.github.io/knigi/kniga/most-v-terabitiyu/
moy-dedushka-byl-vishney,Мой дедушка был вишней,смерть; тяжелая болезнь,смерть,,https://nancykhacha.github.io/knigi/kniga/moy-dedushka-byl-vishney/
moy-papa-ptits,Мой папа — птиц,смерть,,,https://nancykhacha.github.io/knigi/kniga/moy-papa-ptits/
moya-schastlivaya-zhizn-8-e-izd,Моя счастливая жизнь,смерть,,,https://nancykhacha.github.io/knigi/kniga/moya-schastlivaya-zhizn-8-e-izd/
mrachnyy-vzvod-byl-ili-nebyl,Мрачный взвод. Быль или небыль,насилие; страшные сцены,,,https://nancykhacha.github.io/knigi/kniga/mrachnyy-vzvod-byl-ili-nebyl/
mrak-nastupaet,Мрак наступает,страшные сцены,страх,,https://nancykhacha.github.io/knigi/kniga/mrak-nastupaet/
muley,Мулей,суицид; смерть,,,https://nancykhacha.github.io/knigi/kniga/muley/
mumu-rasskazy,Муму. Рассказы,смерть; жестокость к животным,,,https://nancykhacha.github.io/knigi/kniga/mumu-rasskazy/
my-igrali-s-ognem,Мы играли с огнём,,,смерть,https://nancykhacha.github.io/knigi/kniga/my-igrali-s-ognem/
myshi-puli-i-sobaki,"Мыши, пули и собаки",война,,,https://nancykhacha.github.io/knigi/kniga/myshi-puli-i-sobaki/
na-beregah-yabebiri,На берегах Ябебири,,,война,https://nancykhacha.github.io/knigi/kniga/na-beregah-yabebiri/
na-krayu-otonabi,На краю Отонаби,дискриминация,,,https://nancykhacha.github.io/knigi/kniga/na-krayu-otonabi/
na-sluzhbe-u-ee-velichestva-smerti,На службе у Ее Величества Смерти,смерть,,,https://nancykhacha.github.io/knigi/kniga/na-sluzhbe-u-ee-velichestva-smerti/
nad-propastyu-vo-rzhi,Над пропастью во ржи,суицид; смерть; психические расстройства; алкоголь и наркотики; откровенные сцены,,,https://nancykhacha.github.io/knigi/kniga/nad-propastyu-vo-rzhi/
naoborotnyy-mir,Наоборотный мир,тяжелая болезнь,,,https://nancykhacha.github.io/knigi/kniga/naoborotnyy-mir/
ne-morgay-vypusk-1,Не моргай! (выпуск 1),страшные сцены,страх,,https://nancykhacha.github.io/knigi/kniga/ne-morgay-vypusk-1/
ne-popadis-vypusk-3,Не попадись! (Выпуск 3),страшные сцены,страх,,https://nancykhacha.github.io/knigi/kniga/ne-popadis-vypusk-3/
ne-revi-ty-esche-zhiv,"Не реви, ты ещё жив",война; Холокост и репрессии; бедность и голод,,,https://nancykhacha.github.io/knigi/kniga/ne-revi-ty-esche-zhiv/
neveroyatnoe-nashestvie-medvedey-na-sitsiliyu,Невероятное нашествие медведей на Сицилию,смерть,,,https://nancykhacha.github.io/knigi/kniga/neveroyatnoe-nashestvie-medvedey-na-sitsiliyu/
neznayka-na-lune,Незнайка на Луне,бедность и голод,,,https://nancykhacha.github.io/knigi/kniga/neznayka-na-lune/
nikogda,Никогда,смерть; психические расстройства,,развод родителей; буллинг,https://nancykhacha.github.io/knigi/kniga/nikogda/
nochnoy-sadovnik,Ночной садовник,сиротство,,,https://nancykhacha.github.io/knigi/kniga/nochnoy-sadovnik/
nuzhnye-veschi,Нужные вещи,развод родителей,развод родителей,,https://nancykhacha.github.io/knigi/kniga/nuzhnye-veschi/
ochen-ochen-osobennyy-detektiv,Очень-очень особенный детектив,насилие,инклюзия,,https://nancykhacha.github.io/knigi/kniga/ochen-ochen-osobennyy-detektiv/
odinokoe-derevo,Одинокое дерево,психические расстройства,,,https://nancykhacha.github.io/knigi/kniga/odinokoe-derevo/
odissey-hitroumnyy-geroy,Одиссей. Хитроумный герой,насилие,,,https://nancykhacha.github.io/knigi/kniga/odissey-hitroumnyy-geroy/
ogromnyy-krokodil,Огромный крокодил,,,смерть,https://nancykhacha.github.io/knigi/kniga/ogromnyy-krokodil/
ohotniki-na-prizrakov-tom-2,Охотники на призраков. Том 2,страшные сцены,,,https://nancykhacha.github.io/knigi/kniga/ohotniki-na-prizrakov-tom-2/
oliver-tvist-il-e-orehovoy,Оливер Твист,насилие; сиротство; бедность и голод,,,https://nancykhacha.github.io/knigi/kniga/oliver-tvist-il-e-orehovoy/
oshibka-saymona-5,Ошибка Саймона,,,смерть,https://nancykhacha.github.io/knigi/kniga/oshibka-saymona-5/
oshibka-v-kode,Ошибка в коде,тяжелая болезнь; смерть,,,https://nancykhacha.github.io/knigi/kniga/oshibka-v-kode/
ostorozhno-pitbul-tere,"Осторожно, Питбуль-Терье!",домашнее насилие; психические расстройства,,,https://nancykhacha.github.io/knigi/kniga/ostorozhno-pitbul-tere/
ostrov-moego-dedushki,Остров моего дедушки,смерть,смерть,,https://nancykhacha.github.io/knigi/kniga/ostrov-moego-dedushki/
ostrov-na-ptichey-ulitse,Остров на Птичьей улице,Холокост и репрессии; война; насилие; сиротство,,,https://nancykhacha.github.io/knigi/kniga/ostrov-na-ptichey-ulitse/
ostrov-sokrovisch,Остров сокровищ,насилие,,,https://nancykhacha.github.io/knigi/kniga/ostrov-sokrovisch/
ostrov-v-more-prud-belyh-liliy-annika-tor-tom-1,Остров в море. Пруд белых лилий. Анника Тор. Том 1,Холокост и репрессии; война; сиротство,,,https://nancykhacha.github.io/knigi/kniga/ostrov-v-more-prud-belyh-liliy-annika-tor-tom-1/
otel-bolshaya-l,Отель «Большая Л»,тяжелая болезнь,,,https://nancykhacha.github.io/knigi/kniga/otel-bolshaya-l/
padenie,Падение,дискриминация,,,https://nancykhacha.github.io/knigi/kniga/padenie/
paks,Пакс,война; смерть; жестокость к животным,,,https://nancykhacha.github.io/knigi/kniga/paks/
paks-doroga-domoy,Пакс. Дорога домой,война; смерть; сиротство,,буллинг,https://nancykhacha.github.io/knigi/kniga/paks-doroga-domoy/
pampa-blyuz,Пампа-блюз,тяжелая болезнь; сиротство,,,https://nancykhacha.github.io/knigi/kniga/pampa-blyuz/
parko,Парко,смерть,,,https://nancykhacha.github.io/knigi/kniga/parko/
pastuh-i-pastushka-zvezdopad,Пастух и пастушка. Звездопад,война; смерть; насилие; откровенные сцены,война; смерть,,https://nancykhacha.github.io/knigi/kniga/pastuh-i-pastushka-zvezdopad/
pautina-sharlotty,Паутина Шарлотты,смерть,смерть,,https://nancykhacha.github.io/knigi/kniga/pautina-sharlotty/
peppi-dlinnyychulok,Пеппи Длинныйчулок,сиротство; устаревшие взгляды,,,https://nancykhacha.github.io/knigi/kniga/peppi-dlinnyychulok/
persey-pobeditel-meduzy,Персей. Победитель Медузы,,,война; смерть,https://nancykhacha.github.io/knigi/kniga/persey-pobeditel-meduzy/
persi-dzhekson-i-pohititel-molniy,Перси Джексон и Похититель молний,насилие,,,https://nancykhacha.github.io/knigi/kniga/persi-dzhekson-i-pohititel-molniy/
pes-ne-tot,Пёс не тот,,,война,https://nancykhacha.github.io/knigi/kniga/pes-ne-tot/
piraty,Пираты,,,война,https://nancykhacha.github.io/knigi/kniga/piraty/
piter-pen,Питер Пэн,насилие; устаревшие взгляды,,,https://nancykhacha.github.io/knigi/kniga/piter-pen/
po-tu-storonu-siney-granitsy,По ту сторону синей границы,Холокост и репрессии,,,https://nancykhacha.github.io/knigi/kniga/po-tu-storonu-siney-granitsy/
podsnezhniki-i-vonyuchie-krysy,Подснежники и вонючие крысы,буллинг,буллинг,,https://nancykhacha.github.io/knigi/kniga/podsnezhniki-i-vonyuchie-krysy/
podvigi-gerakla-il-a-vlasovoy,Подвиги Геракла,насилие,,,https://nancykhacha.github.io/knigi/kniga/podvigi-gerakla-il-a-vlasovoy/
podvodnyy-svet,Подводный свет,страшные сцены,,,https://nancykhacha.github.io/knigi/kniga/podvodnyy-svet/
poemy,Поемы,насилие; смерть,,,https://nancykhacha.github.io/knigi/kniga/poemy/
polety-v-odinochku,Полёты в одиночку,война; смерть,,,https://nancykhacha.github.io/knigi/kniga/polety-v-odinochku/
pollianna,Поллианна,тяжелая болезнь; сиротство,,,https://nancykhacha.github.io/knigi/kniga/pollianna/
polnochnyy-sad,Полночный сад,сиротство,,,https://nancykhacha.github.io/knigi/kniga/polnochnyy-sad/
pomoschnik-bibliotekarya-113,Помощник библиотекаря № 113,смерть,,,https://nancykhacha.github.io/knigi/kniga/pomoschnik-bibliotekarya-113/
posledniy-chernyy-kot,Последний чёрный кот,жестокость к животным; суицид,,,https://nancykhacha.github.io/knigi/kniga/posledniy-chernyy-kot/
postup-haosa-nozh-kotorogo-net,"Поступь хаоса. Нож, которого нет",война; насилие; смерть; жестокость к животным,,,https://nancykhacha.github.io/knigi/kniga/postup-haosa-nozh-kotorogo-net/
poyuschiy-provod,Поющий провод,устаревшие взгляды,,,https://nancykhacha.github.io/knigi/kniga/poyuschiy-provod/
pozhiratel-ischet-beluyu-sovu,Пожиратель ищет Белую сову,насилие,,,https://nancykhacha.github.io/knigi/kniga/pozhiratel-ischet-beluyu-sovu/
pozhirayuschiy,Пожирающий,война; смерть,война,,https://nancykhacha.github.io/knigi/kniga/pozhirayuschiy/
pravila-treh,Правила трёх,тяжелая болезнь,,,https://nancykhacha.github.io/knigi/kniga/pravila-treh/
pravilo-69-dlya-tolstoy-chayki,Правило 69 для толстой чайки,,инклюзия,,https://nancykhacha.github.io/knigi/kniga/pravilo-69-dlya-tolstoy-chayki/
priklyucheniya-elektronika,Приключения Электроника,,,война,https://nancykhacha.github.io/knigi/kniga/priklyucheniya-elektronika/
priklyucheniya-geklberri-finna,Приключения Гекльберри Финна,домашнее насилие; насилие; алкоголь и наркотики; дискриминация,,,https://nancykhacha.github.io/knigi/kniga/priklyucheniya-geklberri-finna/
priklyucheniya-konni-v-nochnom-lesu,Приключения Конни в ночном лесу,буллинг,,,https://nancykhacha.github.io/knigi/kniga/priklyucheniya-konni-v-nochnom-lesu/
priklyucheniya-odisseya,Приключения Одиссея,насилие,,война,https://nancykhacha.github.io/knigi/kniga/priklyucheniya-odisseya/
priklyucheniya-pinokkio,Приключения Пиноккио,насилие,,,https://nancykhacha.github.io/knigi/kniga/priklyucheniya-pinokkio/
priklyucheniya-semeyki-hryullops,Приключения семейки Хрюллопс,устаревшие взгляды,,,https://nancykhacha.github.io/knigi/kniga/priklyucheniya-semeyki-hryullops/
priklyucheniya-toma-soyera,Приключения Тома Сойера,насилие; устаревшие взгляды,,,https://nancykhacha.github.io/knigi/kniga/priklyucheniya-toma-soyera/
prizrak-na-cherdake-vypusk-2,Призрак на чердаке (выпуск 2),страшные сцены,страх,,https://nancykhacha.github.io/knigi/kniga/prizrak-na-cherdake-vypusk-2/
promezhute,Промежутье,смерть; развод родителей,развод родителей,,https://nancykhacha.github.io/knigi/kniga/promezhute/
prosto-rikka-i-tochka,Просто Рикка. И точка,развод родителей,,смерть,https://nancykhacha.github.io/knigi/kniga/prosto-rikka-i-tochka/
ptitsa-v-kletke,Птица в клетке,домашнее насилие; буллинг; сиротство,,,https://nancykhacha.github.io/knigi/kniga/ptitsa-v-kletke/
pyatnitsa-ili-dikaya-zhizn,"Пятница, или Дикая жизнь",насилие; жестокость к животным,,смерть,https://nancykhacha.github.io/knigi/kniga/pyatnitsa-ili-dikaya-zhizn/
pyatoe-solntse,Пятое солнце,страшные сцены,,,https://nancykhacha.github.io/knigi/kniga/pyatoe-solntse/
radio-popova,Радио Попова,сиротство; бедность и голод,,,https://nancykhacha.github.io/knigi/kniga/radio-popova/
reka-tekuschaya-vspyat,"Река, текущая вспять",смерть,,,https://nancykhacha.github.io/knigi/kniga/reka-tekuschaya-vspyat/
respublika-shkid,Республика ШКИД,насилие; сиротство; бедность и голод,,война,https://nancykhacha.github.io/knigi/kniga/respublika-shkid/
robin-i-skarlett-taynye-knigi-magov,Робин и Скарлетт. Тайные книги магов,сиротство,,,https://nancykhacha.github.io/knigi/kniga/robin-i-skarlett-taynye-knigi-magov/
russkaya-plennitsa-frantsuzskogo-kota,Русская пленница французского кота,война,,,https://nancykhacha.github.io/knigi/kniga/russkaya-plennitsa-frantsuzskogo-kota/
ryby-ne-tayut,Рыбы не тают,психические расстройства,,,https://nancykhacha.github.io/knigi/kniga/ryby-ne-tayut/
saharnyy-rebenok,Сахарный ребёнок,Холокост и репрессии; бедность и голод,,,https://nancykhacha.github.io/knigi/kniga/saharnyy-rebenok/
samo-soboy-i-voobsche,Само собой и вообще,развод родителей,,,https://nancykhacha.github.io/knigi/kniga/samo-soboy-i-voobsche/
schastlivyy-neudachnik,Счастливый неудачник,,,война,https://nancykhacha.github.io/knigi/kniga/schastlivyy-neudachnik/
semeyka-grimsbeyn-ohotniki-na-vedm,Семейка Гримсбейн. Охотники на ведьм,,,смерть,https://nancykhacha.github.io/knigi/kniga/semeyka-grimsbeyn-ohotniki-na-vedm/
serdtse-na-brayle,Сердце на Брайле,тяжелая болезнь,,,https://nancykhacha.github.io/knigi/kniga/serdtse-na-brayle/
serebryanye-konki,Серебряные коньки,тяжелая болезнь; бедность и голод; устаревшие взгляды,,,https://nancykhacha.github.io/knigi/kniga/serebryanye-konki/
shah-i-mat-sredi-zvezd,Шах и мат среди звёзд,смерть,смерть,,https://nancykhacha.github.io/knigi/kniga/shah-i-mat-sredi-zvezd/
shkola-dobra-i-zla-poslednee-dolgo-i-schastlivo-3,Школа Добра и Зла. Последнее «долго и счастливо»,,,война,https://nancykhacha.github.io/knigi/kniga/shkola-dobra-i-zla-poslednee-dolgo-i-schastlivo-3/
shkola-shredingera,Школа Шрёдингера,,,война,https://nancykhacha.github.io/knigi/kniga/shkola-shredingera/
shkolnaya-klassika-malenkie-zhenschiny,Школьная классика. Маленькие женщины,тяжелая болезнь,,,https://nancykhacha.github.io/knigi/kniga/shkolnaya-klassika-malenkie-zhenschiny/
shokoladus-esche-nemnogo-priklyucheniy,Шоколадус. Ещё немного приключений,сиротство,,,https://nancykhacha.github.io/knigi/kniga/shokoladus-esche-nemnogo-priklyucheniy/
shokoladus-magicheskiy-oreshek,Шоколадус. Магический орешек,сиротство,,,https://nancykhacha.github.io/knigi/kniga/shokoladus-magicheskiy-oreshek/
shokoladus-perets-piff-paff,Шоколадус. Перец пифф-пафф,сиротство,,,https://nancykhacha.github.io/knigi/kniga/shokoladus-perets-piff-paff/
shokoladus-sekret-volshebnogo-kakao,Шоколадус. Секрет волшебного какао,сиротство,,,https://nancykhacha.github.io/knigi/kniga/shokoladus-sekret-volshebnogo-kakao/
shokoladus-sekret-yaguara,Шоколадус. Секрет ягуара,сиротство,,,https://nancykhacha.github.io/knigi/kniga/shokoladus-sekret-yaguara/
shokoladus-volshebnaya-korona-mayya,Шоколадус. Волшебная корона майя,сиротство,,,https://nancykhacha.github.io/knigi/kniga/shokoladus-volshebnaya-korona-mayya/
shtorm-v-serdtse-serdtse-shtorma,Шторм в сердце. Сердце Шторма,откровенные сцены,тело,,https://nancykhacha.github.io/knigi/kniga/shtorm-v-serdtse-serdtse-shtorma/
sirius,Сириус,война; насилие; сиротство,,,https://nancykhacha.github.io/knigi/kniga/sirius/
skazka-na-rozhdestvo,Сказка на Рождество,война,,,https://nancykhacha.github.io/knigi/kniga/skazka-na-rozhdestvo/
skazki-dyadyushki-rimusa,Сказки дядюшки Римуса,устаревшие взгляды,,,https://nancykhacha.github.io/knigi/kniga/skazki-dyadyushki-rimusa/
skazki-gansa-hristiana-andersena-il-e-melnikovoy,Сказки Ганса Христиана Андерсена,смерть,,,https://nancykhacha.github.io/knigi/kniga/skazki-gansa-hristiana-andersena-il-e-melnikovoy/
skazki-i-rasskazy-il-a-egunovoy,Сказки и рассказы,смерть,,развод родителей,https://nancykhacha.github.io/knigi/kniga/skazki-i-rasskazy-il-a-egunovoy/
skazy,Сказы,сиротство,,,https://nancykhacha.github.io/knigi/kniga/skazy/
slepaya-kuritsa-hromaya-utka,"Слепая курица, хромая утка",,инклюзия,,https://nancykhacha.github.io/knigi/kniga/slepaya-kuritsa-hromaya-utka/
slomannoe-uho,Сломанное ухо,устаревшие взгляды,,,https://nancykhacha.github.io/knigi/kniga/slomannoe-uho/
slon,Слон,смерть; психические расстройства,смерть,,https://nancykhacha.github.io/knigi/kniga/slon/
slovno-iskra,Словно искра,буллинг,буллинг; инклюзия,,https://nancykhacha.github.io/knigi/kniga/slovno-iskra/
smirennyy-voin,Смиренный воин,насилие; смерть,,,https://nancykhacha.github.io/knigi/kniga/smirennyy-voin/
sobaka-pes,Собака Пёс,жестокость к животным,,,https://nancykhacha.github.io/knigi/kniga/sobaka-pes/
sokrovische-krasnogo-rakkama,Сокровище Красного Раккама,алкоголь и наркотики,,,https://nancykhacha.github.io/knigi/kniga/sokrovische-krasnogo-rakkama/
sonya-iz-7-buee,Соня из 7„Буээ“,буллинг,,,https://nancykhacha.github.io/knigi/kniga/sonya-iz-7-buee/
sovetskaya-seriya-voennaya-tayna-golubaya-chashka-timur-i-ego-komanda,Советская серия. Военная тайна. Голубая чашка. Тимур и его команда. Чук и Гек,смерть; война; насилие,смерть; война,,https://nancykhacha.github.io/knigi/kniga/sovetskaya-seriya-voennaya-tayna-golubaya-chashka-timur-i-ego-komanda/
spasibo-uinn-diksi,Спасибо Уинн-Дикси,алкоголь и наркотики; развод родителей,развод родителей,,https://nancykhacha.github.io/knigi/kniga/spasibo-uinn-diksi/
spisok-nemyslimyh-strahov,Список немыслимых страхов,смерть; тяжелая болезнь,,,https://nancykhacha.github.io/knigi/kniga/spisok-nemyslimyh-strahov/
spoylery,Спойлеры,,,война; смерть,https://nancykhacha.github.io/knigi/kniga/spoylery/
starik-hottabych,Старик Хоттабыч,устаревшие взгляды,,,https://nancykhacha.github.io/knigi/kniga/starik-hottabych/
starik-hottabych-il-v-kanivtsa,Старик Хоттабыч,устаревшие взгляды,,,https://nancykhacha.github.io/knigi/kniga/starik-hottabych-il-v-kanivtsa/
stertyy,Стёртый,развод родителей,,,https://nancykhacha.github.io/knigi/kniga/stertyy/
sto-platev,Сто платьев,буллинг; дискриминация; бедность и голод,буллинг,,https://nancykhacha.github.io/knigi/kniga/sto-platev/
strashilki-dlya-podrostkov-devochka-iz-chernogo-mramora,Страшилки для подростков. Девочка из черного мрамора,страшные сцены,страх,,https://nancykhacha.github.io/knigi/kniga/strashilki-dlya-podrostkov-devochka-iz-chernogo-mramora/
strashilki-dlya-podrostkov-yanisyarvi-mrachnaya-tayna-chudo-ozera,Страшилки для подростков. Янисъярви. Мрачная тайна чудо-озера,страшные сцены,страх,,https://nancykhacha.github.io/knigi/kniga/strashilki-dlya-podrostkov-yanisyarvi-mrachnaya-tayna-chudo-ozera/
strashnye-istorii,Страшные истории,страшные сцены,страх,,https://nancykhacha.github.io/knigi/kniga/strashnye-istorii/
strashnye-istorii-robloks-ne-igray-v-temnote,Страшные истории Роблокс. Не играй в темноте!,страшные сцены,,,https://nancykhacha.github.io/knigi/kniga/strashnye-istorii-robloks-ne-igray-v-temnote/
strashnye-skazki-dyadyushki-montegyu,Страшные сказки дядюшки Монтегю,страшные сцены,страх,,https://nancykhacha.github.io/knigi/kniga/strashnye-skazki-dyadyushki-montegyu/
strashnye-skazki-s-chernogo-korablya,Страшные сказки с Чёрного корабля,страшные сцены,страх,,https://nancykhacha.github.io/knigi/kniga/strashnye-skazki-s-chernogo-korablya/
strashnye-skazki-zhenschiny-v-belom,Страшные сказки Женщины в белом,страшные сцены,страх,,https://nancykhacha.github.io/knigi/kniga/strashnye-skazki-zhenschiny-v-belom/
svetomore-tom-2-razrushitel-solntsa,Светоморье. Том 2. Разрушитель солнца,,,война,https://nancykhacha.github.io/knigi/kniga/svetomore-tom-2-razrushitel-solntsa/
svintusy,Свинтусы,жестокость к животным,,,https://nancykhacha.github.io/knigi/kniga/svintusy/
tainstvennaya-zvezda,Таинственная звезда,страшные сцены,,,https://nancykhacha.github.io/knigi/kniga/tainstvennaya-zvezda/
tainstvennyy-sad,Таинственный сад,смерть; сиротство; устаревшие взгляды,,,https://nancykhacha.github.io/knigi/kniga/tainstvennyy-sad/
talant-koula,Талант Коула,бедность и голод,,,https://nancykhacha.github.io/knigi/kniga/talant-koula/
tam-gde-okean-vstrechaetsya-s-nebom,"Там, где океан встречается с небом",смерть,смерть,,https://nancykhacha.github.io/knigi/kniga/tam-gde-okean-vstrechaetsya-s-nebom/
tayna-propavshey-zhemchuzhiny-1,Тайна пропавшей жемчужины,,,смерть,https://nancykhacha.github.io/knigi/kniga/tayna-propavshey-zhemchuzhiny-1/
tayna-starogo-shkafa-4,Тайна старого шкафа,буллинг,буллинг,,https://nancykhacha.github.io/knigi/kniga/tayna-starogo-shkafa-4/
tayny-muzeya-voskovyh-figur-sekretnaya-missiya-drakuly,Тайны музея восковых фигур. Секретная миссия Дракулы,буллинг,буллинг,,https://nancykhacha.github.io/knigi/kniga/tayny-muzeya-voskovyh-figur-sekretnaya-missiya-drakuly/
teni-radovara,Тени Радовара,страшные сцены,,,https://nancykhacha.github.io/knigi/kniga/teni-radovara/
tim-taler-ili-prodannyy-smeh,"Тим Талер, или Проданный смех",смерть; сиротство,,,https://nancykhacha.github.io/knigi/kniga/tim-taler-ili-prodannyy-smeh/
tim-taler-ili-prodannyy-smeh-illyustratsii-niki-golts-2-e-izd,"Тим Талер, или Проданный смех",смерть; сиротство,,,https://nancykhacha.github.io/knigi/kniga/tim-taler-ili-prodannyy-smeh-illyustratsii-niki-golts-2-e-izd/
timur-i-ego-komanda-vneklassnoe-chtenie,Тимур и его команда,война,война,,https://nancykhacha.github.io/knigi/kniga/timur-i-ego-komanda-vneklassnoe-chtenie/
tintin-i-pikarosy,Тинтин и пикаросы,алкоголь и наркотики,,,https://nancykhacha.github.io/knigi/kniga/tintin-i-pikarosy/
tintin-v-amerike,Тинтин в Америке,устаревшие взгляды,,,https://nancykhacha.github.io/knigi/kniga/tintin-v-amerike/
tintin-v-kongo,Тинтин в Конго,устаревшие взгляды; жестокость к животным,,,https://nancykhacha.github.io/knigi/kniga/tintin-v-kongo/
tintin-v-strane-chernogo-zolota,Тинтин в стране черного золота,устаревшие взгляды,,,https://nancykhacha.github.io/knigi/kniga/tintin-v-strane-chernogo-zolota/
tobi-lolness,Тоби Лолнесс,насилие,,,https://nancykhacha.github.io/knigi/kniga/tobi-lolness/
tochka-zreniya-vseveduschego-chitatelya-tom-3,Точка зрения Всеведущего читателя. Том 3,насилие; смерть; страшные сцены,,,https://nancykhacha.github.io/knigi/kniga/tochka-zreniya-vseveduschego-chitatelya-tom-3/
tochka-zreniya-vseveduschego-chitatelya-tom-4,Точка зрения Всеведущего читателя. Том 4,насилие; смерть; страшные сцены,,,https://nancykhacha.github.io/knigi/kniga/tochka-zreniya-vseveduschego-chitatelya-tom-4/
tomas-drimm-kniga-2-voyna-s-derevyami-nachnetsya-trinadtsatogo,Томас Дримм. Книга 2. Война с деревьями начнется тринадцатого,,,война,https://nancykhacha.github.io/knigi/kniga/tomas-drimm-kniga-2-voyna-s-derevyami-nachnetsya-trinadtsatogo/
tonkiy-mech,Тонкий меч,смерть,,,https://nancykhacha.github.io/knigi/kniga/tonkiy-mech/
tri-tolstyaka,Три толстяка,насилие,,,https://nancykhacha.github.io/knigi/kniga/tri-tolstyaka/
tri-tvoih-imeni,Три твоих имени,смерть; сиротство; алкоголь и наркотики,,,https://nancykhacha.github.io/knigi/kniga/tri-tvoih-imeni/
trinadtsataya-skazka,Тринадцатая сказка,домашнее насилие; насилие; смерть; психические расстройства,,,https://nancykhacha.github.io/knigi/kniga/trinadtsataya-skazka/
troya-i-net-voyne-kontsa,Троя. И нет войне конца,война; насилие,,,https://nancykhacha.github.io/knigi/kniga/troya-i-net-voyne-kontsa/
tsatsa-zamorskaya,Цаца заморская,буллинг,,,https://nancykhacha.github.io/knigi/kniga/tsatsa-zamorskaya/
tsatsiki-i-lyubov,Цацики и любовь,смерть,,,https://nancykhacha.github.io/knigi/kniga/tsatsiki-i-lyubov/
tsatsiki-idet-v-shkolu,Цацики идёт в школу,,,смерть,https://nancykhacha.github.io/knigi/kniga/tsatsiki-idet-v-shkolu/
tsvety-dlya-eldzhernona,Цветы для Элджернона,домашнее насилие; смерть; тяжелая болезнь; буллинг; откровенные сцены,,,https://nancykhacha.github.io/knigi/kniga/tsvety-dlya-eldzhernona/
u-serebryanogo-ozera,У Серебряного озера,смерть; тяжелая болезнь,,,https://nancykhacha.github.io/knigi/kniga/u-serebryanogo-ozera/
ubit-peresmeshnika,Убить пересмешника,сексуальное насилие; домашнее насилие; насилие; дискриминация,,,https://nancykhacha.github.io/knigi/kniga/ubit-peresmeshnika/
udar-skorpiona,Удар Скорпиона,смерть,,,https://nancykhacha.github.io/knigi/kniga/udar-skorpiona/
udivitelnoe-puteshestvie-krolika-edvarda,Удивительное путешествие кролика Эдварда,смерть; тяжелая болезнь,смерть,,https://nancykhacha.github.io/knigi/kniga/udivitelnoe-puteshestvie-krolika-edvarda/
udivitelnye-priklyucheniya-mauliny-shmitt-chast-1-moe-razrushennoe,Удивительные приключения Маулины Шмитт. Часть 1. Моё разрушенное королевство,тяжелая болезнь; развод родителей,развод родителей,,https://nancykhacha.github.io/knigi/kniga/udivitelnye-priklyucheniya-mauliny-shmitt-chast-1-moe-razrushennoe/
udivitelnye-priklyucheniya-mauliny-shmitt-chast-2-v-ozhidanii-chuda,Удивительные приключения Маулины Шмитт. Часть 2. В ожидании чуда,тяжелая болезнь; развод родителей,развод родителей,,https://nancykhacha.github.io/knigi/kniga/udivitelnye-priklyucheniya-mauliny-shmitt-chast-2-v-ozhidanii-chuda/
ulichnye-lyudi,Уличные люди,бедность и голод,,,https://nancykhacha.github.io/knigi/kniga/ulichnye-lyudi/
ulichnyy-kot-po-imeni-bob,Уличный кот по имени Боб,алкоголь и наркотики; бедность и голод,,,https://nancykhacha.github.io/knigi/kniga/ulichnyy-kot-po-imeni-bob/
umeesh-li-ty-svistet-yohanna,"Умеешь ли ты свистеть, Йоханна?",смерть,смерть,,https://nancykhacha.github.io/knigi/kniga/umeesh-li-ty-svistet-yohanna/
utka-smert-i-tyulpan,"Утка, Смерть и тюльпан",смерть,,,https://nancykhacha.github.io/knigi/kniga/utka-smert-i-tyulpan/
v-poiskah-volka,В поисках Волка,смерть,смерть,,https://nancykhacha.github.io/knigi/kniga/v-poiskah-volka/
vafelnoe-serdtse,Вафельное сердце,смерть,,,https://nancykhacha.github.io/knigi/kniga/vafelnoe-serdtse/
vedma-sladkoy-derevni,Ведьма сладкой деревни,сиротство,,,https://nancykhacha.github.io/knigi/kniga/vedma-sladkoy-derevni/
vedminy-konfety,Ведьмины конфеты,страшные сцены,страх,,https://nancykhacha.github.io/knigi/kniga/vedminy-konfety/
vedmy,Ведьмы,смерть; сиротство; страшные сцены,,,https://nancykhacha.github.io/knigi/kniga/vedmy/
velvetovyy-krolik,Вельветовый Кролик,тяжелая болезнь,,,https://nancykhacha.github.io/knigi/kniga/velvetovyy-krolik/
vershiteli-kniga-2-kope-maary,Вершители. Книга 2. Копьё Маары,,,смерть,https://nancykhacha.github.io/knigi/kniga/vershiteli-kniga-2-kope-maary/
vinovaty-zvezdy,Виноваты звёзды,смерть; тяжелая болезнь; откровенные сцены,смерть,,https://nancykhacha.github.io/knigi/kniga/vinovaty-zvezdy/
vladimir-krasnoe-solnyshko,Владимир красное солнышко,война; насилие,,,https://nancykhacha.github.io/knigi/kniga/vladimir-krasnoe-solnyshko/
voennaya-tayna-golubaya-chashka-timur-i-ego-komanda-chuk-i-gek-m-o,Военная тайна. Голубая чашка. Тимур и его команда. Чук и Гек м/о,смерть; война; насилие,смерть; война,,https://nancykhacha.github.io/knigi/kniga/voennaya-tayna-golubaya-chashka-timur-i-ego-komanda-chuk-i-gek-m-o/
vokrug-sveta-v-vosemdesyat-dney,Вокруг света в восемьдесят дней,устаревшие взгляды,,,https://nancykhacha.github.io/knigi/kniga/vokrug-sveta-v-vosemdesyat-dney/
volche-nebo,Волчье небо,война,,,https://nancykhacha.github.io/knigi/kniga/volche-nebo/
volchonok-po-oshibke,Волчонок по ошибке,буллинг,,,https://nancykhacha.github.io/knigi/kniga/volchonok-po-oshibke/
volk,Волк,буллинг,,,https://nancykhacha.github.io/knigi/kniga/volk/
volk-po-imeni-strannik,Волк по имени Странник,смерть,,,https://nancykhacha.github.io/knigi/kniga/volk-po-imeni-strannik/
volna,Волна,насилие; буллинг,,,https://nancykhacha.github.io/knigi/kniga/volna/
volshebnaya-biblioteka-brokkoli,Волшебная библиотека Брокколи,буллинг,буллинг,,https://nancykhacha.github.io/knigi/kniga/volshebnaya-biblioteka-brokkoli/
volshebnoe-koltso,Волшебное кольцо,война; смерть,,,https://nancykhacha.github.io/knigi/kniga/volshebnoe-koltso/
volshebnyy-palets,Волшебный палец,жестокость к животным,,,https://nancykhacha.github.io/knigi/kniga/volshebnyy-palets/
voyna-katrin,Война Катрин,Холокост и репрессии; война,,,https://nancykhacha.github.io/knigi/kniga/voyna-katrin/
voyna-katrin-graficheskiy-roman,Война Катрин. Графический роман,Холокост и репрессии; война,,,https://nancykhacha.github.io/knigi/kniga/voyna-katrin-graficheskiy-roman/
voyna-s-liliputami,Война с лилипутами,,,война,https://nancykhacha.github.io/knigi/kniga/voyna-s-liliputami/
vsadnik-bez-golovy-il-n-ustinova,Всадник без головы,насилие; смерть; устаревшие взгляды,,,https://nancykhacha.github.io/knigi/kniga/vsadnik-bez-golovy-il-n-ustinova/
vse-budet-horosho-obyazatelno,"Все будет хорошо, обязательно",война; смерть,,,https://nancykhacha.github.io/knigi/kniga/vse-budet-horosho-obyazatelno/
vstrechi-po-sredam-ili-tetya-gulda-govorit-bezhim,"Встречи по средам, или тетя Гульда говорит «Бежим!»",,инклюзия,,https://nancykhacha.github.io/knigi/kniga/vstrechi-po-sredam-ili-tetya-gulda-govorit-bezhim/
vsya-sineva-neba,Вся синева неба,смерть; тяжелая болезнь,смерть,,https://nancykhacha.github.io/knigi/kniga/vsya-sineva-neba/
vsya-vasha-nenavist,Вся ваша ненависть,насилие; смерть; дискриминация; ненормативная лексика,,,https://nancykhacha.github.io/knigi/kniga/vsya-vasha-nenavist/
vtoroy-shans-roberta-uorrena,Второй шанс Роберта Уоррена,смерть; психические расстройства,смерть,,https://nancykhacha.github.io/knigi/kniga/vtoroy-shans-roberta-uorrena/
vverh-po-lestnitse-veduschey-vniz,"Вверх по лестнице, ведущей вниз",суицид; бедность и голод,,,https://nancykhacha.github.io/knigi/kniga/vverh-po-lestnitse-veduschey-vniz/
vzaperti,Взаперти,насилие,,,https://nancykhacha.github.io/knigi/kniga/vzaperti/
vzglyad-krolika,Взгляд кролика,сиротство,,,https://nancykhacha.github.io/knigi/kniga/vzglyad-krolika/
ya-nikomu-ne-skazhu,Я никому не скажу,психические расстройства,,,https://nancykhacha.github.io/knigi/kniga/ya-nikomu-ne-skazhu/
yamy,Ямы,насилие; дискриминация,,,https://nancykhacha.github.io/knigi/kniga/yamy/
yaroshtorm,Ярошторм,смерть; сиротство,,,https://nancykhacha.github.io/knigi/kniga/yaroshtorm/
za-gorizontom-dve-povesti,За горизонтом. Две повести,смерть,смерть,,https://nancykhacha.github.io/knigi/kniga/za-gorizontom-dve-povesti/
za-rekoy,За рекой,война,,,https://nancykhacha.github.io/knigi/kniga/za-rekoy/
zakoldovannaya-zhizn,Заколдованная жизнь,сиротство,,,https://nancykhacha.github.io/knigi/kniga/zakoldovannaya-zhizn/
zhuki-ne-plachut,Жуки не плачут,война; смерть,,,https://nancykhacha.github.io/knigi/kniga/zhuki-ne-plachut/
zhutko-gromko-i-zapredelno-blizko,Жутко громко и запредельно близко,смерть; война; самоповреждение; откровенные сцены,смерть,,https://nancykhacha.github.io/knigi/kniga/zhutko-gromko-i-zapredelno-blizko/
zima-kogda-ya-vyros,"Зима, когда я вырос",Холокост и репрессии; сиротство,,,https://nancykhacha.github.io/knigi/kniga/zima-kogda-ya-vyros/
zolotaya-klassika-dlya-detey-schelkunchik-i-myshinyy-korol,Золотая классика для детей. Щелкунчик и мышиный король,страшные сцены,,,https://nancykhacha.github.io/knigi/kniga/zolotaya-klassika-dlya-detey-schelkunchik-i-myshinyy-korol/
zolotye-vesla,Золотые вёсла,тяжелая болезнь,,,https://nancykhacha.github.io/knigi/kniga/zolotye-vesla/
zov-predkov,Зов предков,насилие; смерть; жестокость к животным,,,https://nancykhacha.github.io/knigi/kniga/zov-predkov/
zver-iz-temnoty,Зверь из темноты,смерть; война,,,https://nancykhacha.github.io/knigi/kniga/zver-iz-temnoty/
