type,slice,books,verdict
возраст,книги для детей до года,6,пробел: меньше 10 книг
возраст,книги для детей 1 год,18,мало: 10–29 книг
возраст,книги для детей 2 года,374,хватает
возраст,книги для детей 3 года,838,хватает
возраст,книги для детей 4 года,970,хватает
возраст,книги для детей 5 лет,901,хватает
возраст,книги для детей 6 лет,906,хватает
возраст,книги для детей 7 лет,1239,хватает
возраст,книги для детей 8 лет,1120,хватает
возраст,книги для детей 9 лет,1124,хватает
возраст,книги для детей 10 лет,1035,хватает
возраст,книги для детей 11 лет,886,хватает
возраст,книги для детей 12 лет,833,хватает
возраст,книги для детей 13 лет,441,хватает
возраст,книги для детей 14 лет,399,хватает
тема,животные,1689,хватает
тема,семья,1119,хватает
тема,искусство,899,хватает
тема,дружба,894,хватает
тема,природа,759,хватает
тема,школа,713,хватает
тема,волшебство,505,хватает
тема,взросление,440,хватает
тема,приключения,419,хватает
тема,братья и сёстры,385,хватает
тема,юмор,332,хватает
тема,отношения,273,хватает
тема,эмоции,256,хватает
тема,путешествия,246,хватает
тема,история,185,хватает
тема,детектив,181,хватает
тема,страх,166,хватает
тема,детский сад,126,хватает
тема,творчество,102,хватает
тема,космос,102,хватает
тема,морские приключения,90,хватает
тема,мифология,86,хватает
тема,смелость,74,хватает
тема,война,63,хватает
тема,смерть,62,хватает
тема,спорт,58,хватает
тема,самооценка,56,хватает
тема,первая любовь,51,хватает
тема,музыка,43,хватает
тема,ответственность,39,хватает
тема,экология,39,хватает
тема,театр,37,хватает
тема,фантастика,34,хватает
тема,динозавры,34,хватает
тема,безопасность,22,мало: 10–29 книг
тема,доброта,17,мало: 10–29 книг
тема,культурное разнообразие,14,мало: 10–29 книг
тема,инклюзия,13,мало: 10–29 книг
тема,буллинг,11,мало: 10–29 книг
тема,принятие себя,11,мало: 10–29 книг
тема,наука,10,мало: 10–29 книг
тема,изобретения,10,мало: 10–29 книг
тема,развод родителей,8,пробел: меньше 10 книг
тема,техника,6,пробел: меньше 10 книг
тема,тело,2,пробел: меньше 10 книг
жанр,сказка,1056,хватает
жанр,приключения,739,хватает
жанр,юмор,519,хватает
жанр,реалистическая проза,517,хватает
жанр,фэнтези,505,хватает
жанр,детектив,328,хватает
жанр,поэзия,231,хватает
жанр,научная фантастика,169,хватает
жанр,семейная история,125,хватает
жанр,историческая проза,22,мало: 10–29 книг
жанр,книжка-картинка,11,мало: 10–29 книг
жанр,повесть,9,пробел: меньше 10 книг
жанр,литературная сказка,6,пробел: меньше 10 книг
жанр,народная сказка,4,пробел: меньше 10 книг
жанр,научно-популярная литература,3,пробел: меньше 10 книг
жанр,сказочная история,2,пробел: меньше 10 книг
жанр,комедия,2,пробел: меньше 10 книг
жанр,рассказ,1,пробел: меньше 10 книг
жанр,сборник рассказов,1,пробел: меньше 10 книг
жанр,роман,1,пробел: меньше 10 книг
жанр,графический роман,1,пробел: меньше 10 книг
жанр,подростковая повесть,1,пробел: меньше 10 книг
жанр,фантастика,1,пробел: меньше 10 книг
жанр,автобиографическая повесть,1,пробел: меньше 10 книг
жанр,философская сказка,1,пробел: меньше 10 книг
жанр,стихотворная история,1,пробел: меньше 10 книг
жанр,книга-игра,1,пробел: меньше 10 книг
жанр,книга-искалка,1,пробел: меньше 10 книг
ситуация,книги перед сном (suitableForBedtime),32,хватает
автор,Ульева Елена,128,хватает
автор,Скоттон Роб,89,хватает
автор,Весова Юлия,33,хватает
автор,Холли Вебб,24,мало: 10–29 книг
автор,Чапмен Джейн,20,мало: 10–29 книг
автор,Шеффлер Аксель,18,мало: 10–29 книг
автор,Батлер М. Кристина,18,мало: 10–29 книг
автор,Роальд Даль,17,мало: 10–29 книг
автор,Владимир Сутеев,14,мало: 10–29 книг
автор,Шульц Бьянка,14,мало: 10–29 книг
автор,Натали Квинтарт,14,мало: 10–29 книг
автор,Самуил Маршак,13,мало: 10–29 книг
автор,Эрже,13,мало: 10–29 книг
автор,Евгений Рудашевский,12,мало: 10–29 книг
автор,Зуля Стадник,11,мало: 10–29 книг
автор,Мендес Наталия,11,мало: 10–29 книг
автор,Аррикин Букс,11,мало: 10–29 книг
автор,Бьёрн Рёрвик,10,мало: 10–29 книг
автор,Едуард Успенский,10,мало: 10–29 книг
автор,Григорий Остер,10,мало: 10–29 книг
автор,Татьяна Руссита,10,мало: 10–29 книг
автор,Катя Брандис,10,мало: 10–29 книг
автор,Николай Носов,8,пробел: меньше 10 книг
автор,Ульф Старк,8,пробел: меньше 10 книг
автор,Ларс Мэле,8,пробел: меньше 10 книг
автор,Михаэль Энглер,8,пробел: меньше 10 книг
автор,Фельдман Елена,8,пробел: меньше 10 книг
автор,Свен Нурдквист,7,пробел: меньше 10 книг
автор,Виктория Ледерман,7,пробел: меньше 10 книг
автор,Астрид Линдгрен,7,пробел: меньше 10 книг
автор,Корней Чуковский,7,пробел: меньше 10 книг
автор,Андрей Усачёв,7,пробел: меньше 10 книг
автор,Сергей Козлов,7,пробел: меньше 10 книг
автор,Софья Прокофьева,7,пробел: меньше 10 книг
автор,Нина Дашевская,7,пробел: меньше 10 книг
автор,Артур Гиваргизов,7,пробел: меньше 10 книг
автор,Дэвид Алмонд,7,пробел: меньше 10 книг
автор,Фрида Нильсон,7,пробел: меньше 10 книг
автор,Юлия Кузнецова,7,пробел: меньше 10 книг
автор,Рене Госинни,7,пробел: меньше 10 книг
автор,Светлана Кривошлыкова,7,пробел: меньше 10 книг
автор,Фрауке Шойнеманн,7,пробел: меньше 10 книг
автор,Джулия Дональдсон,6,пробел: меньше 10 книг
автор,Ульф Нильсон,6,пробел: меньше 10 книг
автор,Александр Волков,6,пробел: меньше 10 книг
автор,Тимоте де Фомбель,6,пробел: меньше 10 книг
автор,Питер Браун,6,пробел: меньше 10 книг
автор,Г. Цыферов,6,пробел: меньше 10 книг
автор,Александр Сергеевич Пушкин,6,пробел: меньше 10 книг
автор,Валентин Постников,6,пробел: меньше 10 книг
автор,Мони Нильсон,6,пробел: меньше 10 книг
автор,Мишель Харрисон,6,пробел: меньше 10 книг
автор,Инглз Уайлдер Лора,6,пробел: меньше 10 книг
автор,Георг Юхансон,6,пробел: меньше 10 книг
автор,Андре Франкен,6,пробел: меньше 10 книг
автор,Войцеховский Борис,6,пробел: меньше 10 книг
автор,Амьо Карин-Мари,6,пробел: меньше 10 книг
автор,Сальзано Тамми,6,пробел: меньше 10 книг
автор,Маурик ван Рон,6,пробел: меньше 10 книг
автор,Кампелло Джудитта,6,пробел: меньше 10 книг
автор,Фогель Майя,6,пробел: меньше 10 книг
автор,Ман Муль Сан,6,пробел: меньше 10 книг
автор,Виталий Бянки,5,пробел: меньше 10 книг
автор,Юлия Яковлева,5,пробел: меньше 10 книг
автор,Юрий Коваль,5,пробел: меньше 10 книг
автор,Наталья Ремиш,5,пробел: меньше 10 книг
автор,Бернер Ротраут Сюзанне,5,пробел: меньше 10 книг
автор,Карма Уилсон,5,пробел: меньше 10 книг
автор,Михаил Лукашевич,5,пробел: меньше 10 книг
автор,Марина Тараненко,5,пробел: меньше 10 книг
автор,Брайт Пол,5,пробел: меньше 10 книг
автор,Кордерой Трейси,5,пробел: меньше 10 книг
автор,Нойдерт Цее,5,пробел: меньше 10 книг
автор,Маргит Ауэр,5,пробел: меньше 10 книг
автор,Вероника Медведева,5,пробел: меньше 10 книг
серия,Книжки-картинки,113,хватает
серия,Вне серий,59,хватает
серия,Книжки-картинки (мягкая обложка),58,хватает
серия,Котенок Шмяк,50,хватает
серия,Лучшая новая книжка,45,хватает
серия,Встречное движение,30,хватает
серия,Большая сказочная серия,25,мало: 10–29 книг
серия,Лучшее детям,24,мало: 10–29 книг
серия,Clever-чтение,24,мало: 10–29 книг
серия,Сказка на ночь,18,мало: 10–29 книг
серия,Интересное чтение,17,мало: 10–29 книг
серия,Книжки-картинки с наклейками,17,мало: 10–29 книг
серия,Роальд Даль. Фабрика сказок,16,мало: 10–29 книг
серия,Для самых маленьких,16,мало: 10–29 книг
серия,Поэтическая серия,13,мало: 10–29 книг
серия,Приключения Тинтина,13,мало: 10–29 книг
серия,Стихи для малышей,13,мало: 10–29 книг
серия,KompasFantasy,11,мало: 10–29 книг
серия,Чик и Брики,10,мало: 10–29 книг
серия,Семейные сказки,10,мало: 10–29 книг
серия,Классика Самоката,9,пробел: меньше 10 книг
серия,Маленький Мусоровоз,9,пробел: меньше 10 книг
серия,Другие истории о Лисе и Поросёнке,8,пробел: меньше 10 книг
серия,Друзья-динозаврики,8,пробел: меньше 10 книг
серия,Чик и Брики. Книжки-картонки,8,пробел: меньше 10 книг
серия,Семейные сказки. Книжки-картинки,8,пробел: меньше 10 книг
серия,Счастливчик Люк,7,пробел: меньше 10 книг
серия,Дракоша,7,пробел: меньше 10 книг
серия,Приключения Ежульки,7,пробел: меньше 10 книг
серия,Маленький грузовичок,7,пробел: меньше 10 книг
серия,Приключения Ежульки (мягкая обложка),7,пробел: меньше 10 книг
серия,Маленький мусоровоз. Книжки-картонки,7,пробел: меньше 10 книг
серия,Виктория Ледерман,6,пробел: меньше 10 книг
серия,Лучший друг — Конни,6,пробел: меньше 10 книг
серия,Книжный старт,6,пробел: меньше 10 книг
серия,Маленький домик,6,пробел: меньше 10 книг
серия,Мулле Мек,6,пробел: меньше 10 книг
серия,Приключения Спиру и Фантазио,6,пробел: меньше 10 книг
серия,Сказки для внучат,6,пробел: меньше 10 книг
серия,Любознательный малыш,6,пробел: меньше 10 книг
серия,Шоколадус,6,пробел: меньше 10 книг
серия,Пушистые истории,6,пробел: меньше 10 книг
серия,Лучшая новая книжка/Цацики,5,пробел: меньше 10 книг
серия,Альпина.Дети + Строки,5,пробел: меньше 10 книг
серия,История в картинках,5,пробел: меньше 10 книг
серия,Мировой бестселлер,5,пробел: меньше 10 книг
серия,Приключения Тяпы и Ляпы,5,пробел: меньше 10 книг
