date,title,url,audience,season_or_event,tagged_knigi
2026-06-07,"ТОП-8 книг о любви и семье, которые стоит прочитать с ребенком",https://n-e-n.ru/top-8-knig-o-lubvi-i-semie-kotorye-stoit-prochitat-s-rebenkom/,"дети, возраст уточнить",,да
2026-04-11,"Что почитать подростку: мистика, городские легенды и борьба с собственными страхами",https://n-e-n.ru/chto-pochitat-podrostku-mistika-gorodskie-legendy-i-borba-s-sobstvennymi-strahami/,подростки/школьники,,да
2026-04-02,Что почитать весной: 8 книг для детей любого возраста,https://n-e-n.ru/chto-pochitat-vesnoy-podborka-knig/,"дети, возраст уточнить",весна,да
2026-02-14,5 книг о любви: подборка к 14 февраля,https://n-e-n.ru/5-knig-o-lubvi-podborka-k-14-fevrala/,"дети, возраст уточнить",,да
2026-01-27,«Умерли все. Осталась одна Таня»: 10 детских книг о жизни в блокадном Ленинграде,https://n-e-n.ru/blokada/,"дети, возраст уточнить",,да
2026-01-12,"Книги нашего детства, которыми хочется поделиться со своими детьми",https://n-e-n.ru/knigi-nasego-detstva-kotorymi-hocetsa-podelit-sa-so-svoimi-det-mi/,"дети, возраст уточнить",,да
2026-01-06,10 выдающихся детских книг о Рождественских чудесах,https://n-e-n.ru/christmas-books-for-kids/,"дети, возраст уточнить",зима/Новый год,да
2026-01-03,5 сказок Дж. Р. Р. Толкина для детей и взрослых,https://n-e-n.ru/5-skazok-dz-r-r-tolkina-dla-detej-i-vzroslyh/,"дети, возраст уточнить",,да
2026-01-02,"«Я — робот» Азимова и еще 9 книг, которых нет в школьной программе по литературе, а зря",https://n-e-n.ru/10-knig-kotoryh-net-v-skol-noj-programme-po-literature-a-zra/,подростки/школьники,зима/Новый год,да
2025-12-20,Зимние каникулы с книгой: что читать детям разного возраста,https://n-e-n.ru/zimnie-kanikuly-s-knigoy-chto-chitat-detyam-raznogo-vozrasta/,"дети, возраст уточнить",зима/Новый год,да
2025-12-17,"6 книг, которые помогут родителям отказаться от насилия и разобраться в себе",https://n-e-n.ru/books-to-stop-violence/,родители (не детская подборка),,да
2025-12-12,7 захватывающих детских книг о путешествиях,https://n-e-n.ru/7-zahvatyvausih-detskih-knig-o-putesestviah/,"дети, возраст уточнить",,да
2025-12-05,Ярмарка non/fiction. 7 книжных новинок для подростков,https://n-e-n.ru/nonfiction-7-knizhnyh-novinok-dla-podrostkov/,подростки/школьники,ярмарка,да
2025-12-03,Non-fiction 2025: лучше книги для детей и взрослых,https://n-e-n.ru/nonfitcion-2025-luchshie-knigi-dla-detey-i-vzroslyh/,"дети, возраст уточнить",,да
2025-11-23,Что такое абьюз и как его распознать: подборка книг о насилии в семье,https://n-e-n.ru/cto-takoe-ab-uz-i-kak-ego-raspoznat-podborka-knig-o-nasilii-v-sem-e/,родители (не детская подборка),,да
2025-11-22,Буллинг в школе: что почитать с детьми,https://n-e-n.ru/bulling-v-shkole-chto-pochitat-s-detmi/,"дети, возраст уточнить",,да
2025-10-29,6 увлекательных детских детективов для чтения на каникулах,https://n-e-n.ru/6-uvlekatelnyh-detskih-detektivov-dla-chtenia-na-kanikulah/,"дети, возраст уточнить",каникулы,да
2025-10-11,"7 книг, которые сделают осенние каникулы волшебными",https://n-e-n.ru/knigi-kotorye-sdelaut-osennie-kanikuly-volshebnymi/,"дети, возраст уточнить",каникулы,да
2025-10-05,"5 книг о школе и учителях, написанных учителями",https://n-e-n.ru/5-knig-o-skole-i-ucitelah-napisannyh-ucitelami/,"дети, возраст уточнить",,да
2025-06-24,9 книг для семейного чтения на летних каникулах,https://n-e-n.ru/9-knig-dla-semeynogo-chtenia-na-letnih-kanikulah/,"дети, возраст уточнить",лето,да
2025-06-01,10 лучших детских книг для летнего чтения,https://n-e-n.ru/10-luchshih-knig-dla-detskogo-chtenia/,"дети, возраст уточнить",лето,да
2025-04-23,"Книжные новинки весны для родителей, детей и подростков",https://n-e-n.ru/knizhnye-novinki-vesny-dla-roditeley-detey-i-podrostkov/,родители (не детская подборка),весна,да
2025-04-08,12 новых книг для родителей и детей,https://n-e-n.ru/12-knig-dlya-roditeley-i-detey-na-yarmarke-nonfictionvesna/,родители (не детская подборка),,да
2025-01-06,8 историй потерянных игрушек,https://n-e-n.ru/8-poteryannih-igrushek/,"дети, возраст уточнить",,да
2024-11-29,Пирог «Уютный вечер с корочкой» и канатная дорога: 8 детских книг о жизни на даче,https://n-e-n.ru/detskie-knigi-o-zhizni-na-dache/,"дети, возраст уточнить",,да
2024-08-05,"Мотивация, дисциплина и разговор по душам. 5 полезных книг для родителей юных спортсменов",https://n-e-n.ru/knigi-dlya-roditeley-yunyh-sportsmenov/,родители (не детская подборка),,да
2024-04-26,"6 книг, которые помогут подростку стать увереннее в себе",https://n-e-n.ru/6-knig-kotorye-pomogyt-podrostky/,подростки/школьники,,да
2024-04-25,"«Я взяла в родблок колоду карт и книжку Макса Фрая, вдруг станет скучно»",https://n-e-n.ru/rody-karty-maxfray/,"дети, возраст уточнить",,нет
2024-04-03,Что искать на ярмарке Non/fiction? Новые книги для детей,https://n-e-n.ru/nonfic-vesna/,"дети, возраст уточнить",ярмарка,да
2024-03-31,"«Опасные приключения Веры и Саши». Книга о детской безопасности, изданная совместно с #ШколаЛизаАлерт",https://n-e-n.ru/opasnye-prikluchenia/,"дети, возраст уточнить",,да
2024-02-28,"«Закрой глаза и представь, как я лечу в вышине». 3 книжки о расставании для самых маленьких",https://n-e-n.ru/knigi-o-rasstavanii/,малыши/дошкольники,,да
2023-12-16,"5 книг, которые помогут родителям пережить сепарацию подростков",https://n-e-n.ru/knigi-pro-podrostkov/,родители (не детская подборка),,да
2023-11-24,15 новых книг для детей и родителей на Non/fiction-2023,https://n-e-n.ru/nonfic-25/,родители (не детская подборка),ярмарка,да
2023-11-22,10 уютных зимних книг в подарок ребенку на Новый год,https://n-e-n.ru/yuiytniye-zimnie-knigi/,"дети, возраст уточнить",зима/Новый год,да
2023-11-19,"Снег, книги и любовь. 5 уютных книжек для дошкольников",https://n-e-n.ru/5-yiytnih-knizhek/,подростки/школьники,,да
2023-11-14,"7 повестей Астрид Линдгрен, которые вы могли не знать",https://n-e-n.ru/lindgren/,"дети, возраст уточнить",,да
2023-10-28,"Куда катится литература, или Зачем пишут книги про какашки",https://n-e-n.ru/knizhki-kakashki/,"дети, возраст уточнить",,да
2023-09-29,"Путешествие с индейцами и секреты «Евгения Онегина»: 5 комиксов, которые помогут легко усвоить сложное",https://n-e-n.ru/5-komiksov/,"дети, возраст уточнить",,да
2023-09-21,10 новых детских книг этой осени,https://n-e-n.ru/10-novih-knig-etoi-oseni/,"дети, возраст уточнить",осень,да
2023-09-19,«Моя вагина ест свеклу»: 5 книг о менструации,https://n-e-n.ru/knigi-o-menstruacii/,"дети, возраст уточнить",,да
2023-08-24,Читать и хохотать. 5 смешных книг для чтения с ребенком,https://n-e-n.ru/chitat-i-hohotat-5-knig/,"дети, возраст уточнить",,да
2023-08-23,Что читать осенью? Новинки издательств для детей дошкольного возраста,https://n-e-n.ru/chto-chitat-oseniy/,подростки/школьники,осень,да
2023-08-14,"4 новые книги, которые помогут подготовиться к школе",https://n-e-n.ru/4-novyie-knigi/,"дети, возраст уточнить",,да
2023-07-30,5 книг для развития воображения вашего ребенка,https://n-e-n.ru/5-knig-dlya-razvitiya-voobrazhenia/,"дети, возраст уточнить",,да
2023-07-29,"Эмоциональный интеллект для малышей: 8 книг, которые помогут ребенку сориентироваться в своих чувствах",https://n-e-n.ru/emocionalnii-intellekt/,малыши/дошкольники,,да
2023-07-26,Читаем сами: обзор книг для школьников,https://n-e-n.ru/obzor-knig-dlya-shkolnikov/,подростки/школьники,,да
2023-07-04,Зверь дома: 5 детских книг о домашних и диких животных,https://n-e-n.ru/zver-doma-5-detskih-knig/,"дети, возраст уточнить",,да
2023-06-26,От Финника до Мурлина: 8 детективов для детей,https://n-e-n.ru/detectivi-dlya-detei/,"дети, возраст уточнить",,да
2023-06-25,Не только Чуковский и Маршак: что почитать детям из советской поэзии,https://n-e-n.ru/sovetskie-poety/,"дети, возраст уточнить",,да
2023-06-09,125 лучших новых детских книг,https://n-e-n.ru/125-knig/,"дети, возраст уточнить",,да
2023-04-06,Лучшие нон-фикшн книги для детей,https://n-e-n.ru/luchshie-non-fiction-knigi/,"дети, возраст уточнить",ярмарка,да
2023-04-05,Что искать на ярмарке Non/fiction: лучшие детские книги этой весны,https://n-e-n.ru/knigi-vesny/,"дети, возраст уточнить",весна,да
2023-03-15,"От сказки до антиутопии: 5 детских книг, о которых вы вряд ли слышали",https://n-e-n.ru/5-knig/,"дети, возраст уточнить",,да
2023-03-06,Как девчонка: 8 книг о сильных женщинах,https://n-e-n.ru/8-knig-o-silnyh-zhenhinah/,"дети, возраст уточнить",,да
2023-01-26,"Холокост, война и оккупация: 6 книг о главной трагедии XX века",https://n-e-n.ru/6-knig-o-katastrofe/,"дети, возраст уточнить",,да
2023-01-26,Не только «Зверский детектив»: что почитать у Анны Старобинец детям и взрослым,https://n-e-n.ru/starobinets/,"дети, возраст уточнить",,да
2022-12-29,"Не Маккалистерами едиными: 5 зимних сказок, в которых родители повели себя по-идиотски",https://n-e-n.ru/roditeli-otstoj/,родители (не детская подборка),зима/Новый год,да
2022-12-02,"3 книжки для самых маленьких о войне, которые стоит купить на Non/fiction 24",https://n-e-n.ru/3-knigi-nf/,малыши/дошкольники,ярмарка,да
2022-11-22,Глазами ребенка: современные детские книги о войне,https://n-e-n.ru/knigi-o-voine/,"дети, возраст уточнить",,да
2022-09-07,Папа тоже может: 5 детских книг о включенных отцах,https://n-e-n.ru/5-knig-o-papah/,"дети, возраст уточнить",,да
2022-09-02,"Гнев, неудачи, конфликты: 4 важные книги про эмоции",https://n-e-n.ru/book-about-emotions/,"дети, возраст уточнить",,да
2022-08-25,Я всего лишь собака: 7 добрых книг о беспризорных животных,https://n-e-n.ru/7-dobrih-knig/,"дети, возраст уточнить",,да
2022-08-23,Скоро осень: 8 книг для подготовки к детскому саду и школе,https://n-e-n.ru/8-knig-dlya-podgotovki/,"дети, возраст уточнить",осень,да
2022-08-19,«А как у вас?»: 7 уютных познавательных книг для детей и подростков,https://n-e-n.ru/7-detskih-knig/,подростки/школьники,,да
2022-06-30,"Арт внутри: книги для малышей, вдохновленные мировым искусством",https://n-e-n.ru/knigiproiskusstvo/,малыши/дошкольники,,да
2022-06-17,"В Страну Чудес и на дно океана, в гости к троллям и в страну лабиринтов: 10 любимых детских книг",https://n-e-n.ru/knigi-leto/,"дети, возраст уточнить",,да
2022-05-24,Выходи гулять: 9 детских книг о животных и растениях,https://n-e-n.ru/knigioprirode/,"дети, возраст уточнить",,да
2022-04-10,"Ты такой, а я другой! Подборка книг о многообразии мира для детей и родителей",https://n-e-n.ru/takoi-raznyii-mir/,родители (не детская подборка),,да
2022-04-03,Знай и умей: 7 книг с поделками и головоломками из 1930-х годов,https://n-e-n.ru/diybooks/,"дети, возраст уточнить",зима/Новый год,да
2022-04-02,Ловите скидки и книжные новинки: на какие детские издательства подписаться в Телеграме,https://n-e-n.ru/izdatelstva-v-telegrame/,"дети, возраст уточнить",,да
2022-03-24,"Книга о личном опыте материнства, колыбельные для малышей и коробочка самостоятельности: 6 полезных проектов от Planeta.ru",https://n-e-n.ru/podborka_crowdfunding_planeta_ru/,малыши/дошкольники,,да
2022-01-03,Лучшие книги уходящего года. Что почитать детям на каникулах,https://n-e-n.ru/knigi2021/,"дети, возраст уточнить",каникулы,да
2021-12-17,НЭН-джуниор: лучшие книги 2021 года по версии детей сотрудников редакции,https://n-e-n.ru/bestbooks2021/,"дети, возраст уточнить",,да
2021-11-17,Диплом вместо пирога: как отец двух девочек решил исправить книги о принцессах,https://n-e-n.ru/dadcorrects/,"дети, возраст уточнить",,да
2021-10-30,"Призраки, русалки и драконы: 6 страшно интересных детских книг к Хеллоуину",https://n-e-n.ru/6bookshalloween/,"дети, возраст уточнить",,да
2021-10-27,"Принцессы-бунтарки, исчезающие животные и единорожка, которая верит в девочек: 12 новых книг для детей",https://n-e-n.ru/new-books-rebel-princess/,"дети, возраст уточнить",,да
2021-09-20,"Что почитать, если Барто и Чуковский уже зачитаны до дыр: 30 лучших книги для малышей и дошкольников",https://n-e-n.ru/30bestbooks/,подростки/школьники,,да
2021-08-24,"«Когда кошечка кормит котят на улице, мы умиляемся, а вот когда женщина — испытываем отвращение»: в издательстве «Самокат» выходит книга о ГВ в природе",https://n-e-n.ru/vsedelaiut/,"дети, возраст уточнить",,нет
2021-07-26,"Не такой, как все: мотивирующие книги для малышей и дошкольников",https://n-e-n.ru/motivationalbooksforkids/,подростки/школьники,,да
2021-07-18,"5 книг, которые помогут мамам замедлиться",https://n-e-n.ru/booksformums/,родители (не детская подборка),,да
2021-07-06,Иногда бунт — это единственный способ быть услышанной: книги для детей о сильных и успешных женщинах,https://n-e-n.ru/strongwomenbooks/,"дети, возраст уточнить",,да
2021-04-30,5 отличных детских книжек про пожарных,https://n-e-n.ru/booksaboutfirefighters/,"дети, возраст уточнить",,нет
2021-04-15,«С первой страницы меня обескуражили словом „влагалище“»: родители комментируют детские книги о телесности и секспросвете,https://n-e-n.ru/discouraged/,родители (не детская подборка),,да
2021-04-07,"Разнообразие мира для самых маленьких: детские книги о простых радостях, чувствах и предназначении",https://n-e-n.ru/kidsbooks/,малыши/дошкольники,,нет
2021-03-26,Принимать себя и других: 8 важных книг для самых маленьких на ярмарке Non/fiction,https://n-e-n.ru/booksnonfiction/,малыши/дошкольники,ярмарка,нет
2021-03-25,Что почитать о детях? Лучшие (и худшие) книги на тему родительства по версии редакции НЭН,https://n-e-n.ru/allbooksnen/,родители (не детская подборка),,нет
2021-03-24,"5 трогательных детских книг о любви, дружбе и взаимовыручке",https://n-e-n.ru/bookfriendship/,"дети, возраст уточнить",,да
2021-02-18,Как подготовить старшего к рождению младшего: 5 классных книг,https://n-e-n.ru/prepare-the-child/,"дети, возраст уточнить",,нет
2021-02-03,Безопасность в городе и интимный ликбез: полезные книги для всей семьи,https://n-e-n.ru/safetyfull/,"дети, возраст уточнить",,нет
2021-01-04,Лучшие книги для детей: выбор редакции НЭН,https://n-e-n.ru/thebestbooksforchildren2020/,"дети, возраст уточнить",,нет
2020-12-23,"Без Айболита: 5 детских книг про врачей, лечение и больницы",https://n-e-n.ru/knigi-pro-vrachej/,"дети, возраст уточнить",,да
2020-12-14,"Что почитать и во что поиграть с ребенком, чтобы создать ему (и себе) новогоднее настроение",https://n-e-n.ru/nymood/,"дети, возраст уточнить",зима/Новый год,нет
2020-12-05,12 новогодних книг для чтения и игр с малышами и дошкольниками,https://n-e-n.ru/novogodnie-knigi-malysham/,подростки/школьники,зима/Новый год,нет
2020-11-30,"Книга против мультфильма: 9 ярких историй, которые обязательно понравятся детям",https://n-e-n.ru/kniga-protiv-multfilma/,"дети, возраст уточнить",,нет
2020-11-20,5 книг Генриха Сапгира для детей,https://n-e-n.ru/sapgir/,"дети, возраст уточнить",,нет
2020-10-15,"Меньше страхов, больше любви: нежные и мотивирующие книги для малышей и дошкольников",https://n-e-n.ru/motivation-books/,подростки/школьники,,нет
2020-10-12,Картонка на вес золота: 10 правил выбора первой книжки для ребенка,https://n-e-n.ru/firstbook/,малыши/дошкольники,,нет
2020-10-09,"6 новогодних книг для детей, которые можно читать в любое время года",https://n-e-n.ru/6-novogodnih-knig/,"дети, возраст уточнить",зима/Новый год,нет
2020-10-02,12 полезных и по-настоящему добрых современных книг для малышей,https://n-e-n.ru/12-knig-doshkolnikam/,малыши/дошкольники,,нет
2020-09-08,"Гендерные стереотипы, мечты и целеустремленность: 9 детских книг для развития уверенности и положительных личностных качеств",https://n-e-n.ru/knigiprouverennost/,"дети, возраст уточнить",,нет
2020-08-24,"Бублик превращается в кошку, а цветок — в трех петушков: удивительные книги для малышей от Агнезе Баруции",https://n-e-n.ru/agne/,малыши/дошкольники,,нет
2020-08-21,"Смотреть, читать, трогать: 12 ярких книг для всестороннего развития малышей и дошкольников",https://n-e-n.ru/razvitiemalyshej/,подростки/школьники,,нет
2020-07-21,"5 детских книжек Маяковского, которые стоит прочесть ребенку",https://n-e-n.ru/mayak/,"дети, возраст уточнить",,нет
2020-07-09,"Мир, дружба, жвачка: 11 ярких книг для вдумчивого чтения с малышами и дошкольниками",https://n-e-n.ru/summernewbooks/,подростки/школьники,,нет
2020-06-15,"Выходим из карантина вместе с Конни: тематическая подборка книг для малышей, прошедших через самоизоляцию",https://n-e-n.ru/bookslist/,малыши/дошкольники,,нет
2020-06-02,"Дачные чтения: 11 детских книг о природе, дружбе с животными и волшебстве",https://n-e-n.ru/summerbooks/,"дети, возраст уточнить",,нет
2020-05-27,"Выборы, несоответствие родительским ожиданиям и свобода: 15 новых книг для совместного чтения с малышами, тоддлерами и дошкольниками",https://n-e-n.ru/booksfrosummer/,родители (не детская подборка),,нет
2020-05-06,"Что почитать с детьми, если привычная литература уже надоела: подборка нескучных книг для малышей и дошкольников",https://n-e-n.ru/newbooksforkids/,подростки/школьники,,нет
2020-03-27,"Чтобы знать, понимать и не бояться: подборка лучших книг о родах и рождении",https://n-e-n.ru/childbirthbooks/,родители (не детская подборка),,нет
2020-02-04,"Книжки-картинки для детей: зачем покупать книги, в которых совсем мало текста?",https://n-e-n.ru/pictbook/,"дети, возраст уточнить",,нет
2020-01-13,"5 серий детских книг о том, что злиться, грустить или бояться — это нормально",https://n-e-n.ru/emotionsbooks/,"дети, возраст уточнить",,да
2019-12-11,"Половое воспитание: что почитать с ребенком о теле, сексуальности, зачатии и родах",https://n-e-n.ru/bookseduc/,"дети, возраст уточнить",,да
2019-08-09,Что почитать малышу: обзор книжных новинок для детей до пяти лет,https://n-e-n.ru/booksforkids/,малыши/дошкольники,,нет
2019-07-16,"Хрупкие и чудесные: подборка детских книг, которые расскажут о насекомых",https://n-e-n.ru/insectsbooks/,"дети, возраст уточнить",,нет
2019-07-12,"Маленьким палеонтологам: подборка детских книг, в которых есть динозавры",https://n-e-n.ru/dinos/,"дети, возраст уточнить",,да
2019-05-08,«Сложная литература формирует многогранность понимания истории»: что почитать ребенку о войне,https://n-e-n.ru/warbooks/,"дети, возраст уточнить",,нет
2019-04-02,Что почитать про аутизм,https://n-e-n.ru/ras/,"дети, возраст уточнить",,нет
2019-01-09,"Первая библиотека малыша: 5 книг для тех, кто едва появился на свет",https://n-e-n.ru/firstbookslist/,малыши/дошкольники,,да
2018-12-15,Книги под елкой: 10 новогодних и зимних изданий для детей,https://n-e-n.ru/booksny/,"дети, возраст уточнить",зима/Новый год,да
2018-10-25,"Как правильно выбирать книги для детей, которые учатся читать",https://n-e-n.ru/learningtoread/,"дети, возраст уточнить",,да
2018-04-17,"«Мама, что это?», или первые книжки для познания мира",https://n-e-n.ru/theworldaround/,родители (не детская подборка),,да
2018-04-11,Совместный проект НЭН и издательства МИФ: книги для нормальных родителей,https://n-e-n.ru/mifandnen/,родители (не детская подборка),,нет
2018-01-31,Как устроен мир: подборка нон-фикшн для малышей,https://n-e-n.ru/nonfiction/,малыши/дошкольники,ярмарка,нет
2017-12-23,"Подарки для тех, кто учится читать: лучшие азбуки в обзоре НЭН",https://n-e-n.ru/azbooki/,"дети, возраст уточнить",,да
2017-10-12,Ретро-книжки для малышей: почувствуйте себя счастливыми и старыми,https://n-e-n.ru/retrobooks/,малыши/дошкольники,,да
2017-10-06,Семь книг перед сном: что почитать ребенку на ночь,https://n-e-n.ru/sleepbook/,"дети, возраст уточнить",,нет
2017-10-05,Что почитать об отношениях с детьми,https://n-e-n.ru/bookstoread/,родители (не детская подборка),,нет
2017-04-28,Весеннее чтение: детские книги о лучшем времени года,https://n-e-n.ru/readcity/,"дети, возраст уточнить",,нет
2017-04-18,"Мопс, наклейки и зеленый куст: подборка книг для малышей",https://n-e-n.ru/booksforbabies/,малыши/дошкольники,,нет
2017-02-20,Как воспитывать детей в эпоху гаджетов: цитаты из книг о воспитании,https://n-e-n.ru/books/,"дети, возраст уточнить",,нет
,Ностальжи-тест: книги нашего детства,https://n-e-n.ru/quiz/nostalgy-test-knigi-nashego-detstva/,"дети, возраст уточнить",,нет
